-- phpMyAdmin SQL Dump
-- version 5.2.1
-- https://www.phpmyadmin.net/
--
-- Servidor: 127.0.0.1
-- Tiempo de generación: 30-05-2025 a las 17:40:01
-- Versión del servidor: 10.4.32-MariaDB
-- Versión de PHP: 8.2.12

SET SQL_MODE = "NO_AUTO_VALUE_ON_ZERO";
START TRANSACTION;
SET time_zone = "+00:00";


/*!40101 SET @OLD_CHARACTER_SET_CLIENT=@@CHARACTER_SET_CLIENT */;
/*!40101 SET @OLD_CHARACTER_SET_RESULTS=@@CHARACTER_SET_RESULTS */;
/*!40101 SET @OLD_COLLATION_CONNECTION=@@COLLATION_CONNECTION */;
/*!40101 SET NAMES utf8mb4 */;

--
-- Base de datos: `pasantias_v1`
--

-- --------------------------------------------------------

--
-- Estructura de tabla para la tabla `beneficiarios`
--

CREATE TABLE `beneficiarios` (
  `id_beneficiario` int(11) NOT NULL,
  `tipo_de_documento` enum('V','E','J') DEFAULT NULL,
  `cedula` varchar(20) NOT NULL,
  `nombre_beneficiario` varchar(255) NOT NULL,
  `telefono` varchar(20) DEFAULT NULL,
  `codigo_obra` varchar(20) DEFAULT NULL,
  `fecha_actualizacion` date DEFAULT NULL,
  `id_ubicacion` int(11) DEFAULT NULL,
  `id_fiscalizador` int(11) DEFAULT NULL,
  `status` enum('activo','inactivo') DEFAULT 'activo',
  `id_metodo_constructivo` int(11) DEFAULT NULL,
  `id_modelo_constructivo` int(11) DEFAULT NULL,
  `id_cod_obra` int(11) DEFAULT NULL
) ENGINE=InnoDB DEFAULT CHARSET=utf8mb4 COLLATE=utf8mb4_general_ci;

--
-- Volcado de datos para la tabla `beneficiarios`
--

INSERT INTO `beneficiarios` (`id_beneficiario`, `tipo_de_documento`, `cedula`, `nombre_beneficiario`, `telefono`, `codigo_obra`, `fecha_actualizacion`, `id_ubicacion`, `id_fiscalizador`, `status`, `id_metodo_constructivo`, `id_modelo_constructivo`, `id_cod_obra`) VALUES
(1, NULL, '30014763', 'GABRIEL ALEJANDRO TORREALBA PÉREZ', '04125556516', '1100', '2025-05-29', 1, NULL, 'inactivo', NULL, NULL, NULL),
(2, NULL, '33847067', 'DANIEL TORREALBA', '04245242755', '11038', '2025-05-29', 2, NULL, 'activo', NULL, NULL, NULL),
(3, NULL, '18431831', 'FRANCYS PÉREZ', '04245242755', '13340', '2025-05-29', 3, NULL, 'activo', NULL, NULL, NULL),
(4, NULL, '29762162', 'LUISANA MORANTE', '04245142878', '1100', '2025-05-29', 4, NULL, 'activo', NULL, NULL, NULL),
(5, NULL, '123456', 'Gabriel', '123456', '56456456', NULL, 5, NULL, 'activo', NULL, NULL, NULL),
(6, NULL, '12345678', 'Gabriel', '12345678', '12345678', NULL, 6, NULL, 'activo', NULL, NULL, NULL),
(7, NULL, '123', 'NUEVO', '123', '123', NULL, 7, NULL, 'activo', NULL, NULL, NULL),
(8, NULL, '1234', 'NUEVO', '2222', '222', '2025-05-29', 8, NULL, 'activo', NULL, NULL, NULL),
(9, NULL, '12', 'LUISANA MORANTE', '12', '12', '2025-05-29', 9, NULL, 'activo', NULL, NULL, NULL);

-- --------------------------------------------------------

--
-- Estructura de tabla para la tabla `cod_obra`
--

CREATE TABLE `cod_obra` (
  `id_cod_obra` int(11) NOT NULL,
  `cod_obra` int(11) NOT NULL
) ENGINE=InnoDB DEFAULT CHARSET=utf8mb4 COLLATE=utf8mb4_general_ci;

--
-- Volcado de datos para la tabla `cod_obra`
--

INSERT INTO `cod_obra` (`id_cod_obra`, `cod_obra`) VALUES
(1, 13145),
(2, 13144),
(3, 14337),
(4, 20267),
(5, 13151),
(6, 13153),
(7, 15492),
(8, 15967),
(9, 21053),
(10, 20949),
(11, 20947),
(12, 20943),
(13, 20935),
(14, 20952),
(15, 20957),
(16, 20959),
(17, 20963),
(18, 20933),
(19, 20919),
(20, 24877),
(21, 31989),
(22, 22180),
(23, 22178),
(24, 22179),
(25, 11038),
(26, 13298),
(27, 13144),
(28, 13340),
(29, 13146),
(30, 14337);

-- --------------------------------------------------------

--
-- Estructura de tabla para la tabla `comunidades`
--

CREATE TABLE `comunidades` (
  `ID_COMUNIDAD` int(11) NOT NULL,
  `COMUNIDAD` varchar(100) NOT NULL,
  `ID_PARROQUIA` int(11) DEFAULT NULL
) ENGINE=InnoDB DEFAULT CHARSET=utf8mb4 COLLATE=utf8mb4_general_ci;

--
-- Volcado de datos para la tabla `comunidades`
--

INSERT INTO `comunidades` (`ID_COMUNIDAD`, `COMUNIDAD`, `ID_PARROQUIA`) VALUES
(1, 'CUARA', 473),
(2, 'EL BAJIO', 473),
(3, 'EL GARABATAL', 473),
(4, 'EL MOLINO', 473),
(5, 'FELIX FRANCISCO RODRIGUEZ', 473),
(6, 'JOSE ANTONIO PAEZ', 473),
(7, 'LA BOVEDA', 473),
(8, 'MOCUNDO', 473),
(9, 'PUERTAS DEL CIELO', 473),
(10, 'QUEBRADA SECA', 473),
(11, 'SAN ANTONIO', 473),
(12, 'TAMARINDO', 473),
(13, 'CHIRGUA', 474),
(14, 'EL CEMENTERIO', 474),
(15, 'EL HIGUERON', 474),
(16, 'PALERMO', 474),
(17, 'CASERIO MORON', 478),
(18, 'CERRO MORON', 478),
(19, 'EL HATO', 478),
(20, 'LA VIGIA', 478),
(21, 'MORON', 478),
(22, 'SAN JOSE', 478),
(23, 'VILLA ALTAGRACIA', 478),
(24, 'ALEJO HERNANDEZ', 472),
(25, 'BARRIO BOLIVAR', 472),
(26, 'BELLO MONTE, NORTE', 472),
(27, 'BRISAS DE JERUSALEN', 472),
(28, 'DON FLORES', 472),
(29, 'EL CALVARIO', 472),
(30, 'EL CARDENAL', 472),
(31, 'EL PEBLITO', 472),
(32, 'EL PUEBLITO', 472),
(33, 'ISLA ALTAGRACIA', 472),
(34, 'JACINTO LARA', 472),
(35, 'JOSE AMADO RIVERO', 472),
(36, 'JOSE AMARO RIVERO', 472),
(37, 'LA ERMITA', 472),
(38, 'LA FE EN DIOS', 472),
(39, 'LA ISLA', 472),
(40, 'LA LIBERTAD', 472),
(41, 'LA QUIBOREÑA', 472),
(42, 'LA VEGUITA', 472),
(43, 'LOS TORRES', 472),
(44, 'MARIANO PERAZA', 472),
(45, 'QUIBOR CENTRO', 472),
(46, 'SAN RAFAEL', 472),
(47, 'SAN VALENTIN', 472),
(48, 'URB CABO JOSE DORANTE', 472),
(49, 'VILLA QUIBURE', 472),
(50, 'ZAMURO', 472),
(51, 'ARENALES', 479),
(52, 'CEIBA', 479),
(53, 'CEIBA NORTE', 479),
(54, 'CEIBA SUR', 479),
(55, 'EL ESTADIUM', 479),
(56, 'EL JEBE', 479),
(57, 'LA ERMITA', 479),
(58, 'MARIANO PERAZA', 479),
(59, 'MOCUNDO', 479),
(60, 'PUERTAS DEL CIELO', 479),
(61, 'REINALDO MARTINEZ', 479),
(62, 'SANTA BARBARA', 479),
(63, 'URB CABO JOSE DORANTE', 479),
(64, 'VILLA QUIBURE', 479),
(65, 'SAN MIGUEL RIO TURBIO', 476),
(66, '1° DE MAYO', 477),
(67, 'AV 7', 477),
(68, 'CAMPO ALEGRE', 477),
(69, 'CAMPO LINDO', 477),
(70, 'CARDONAL REVOLUCIONARIA', 477),
(71, 'CARDONAL REVOLUCIONARIO', 477),
(72, 'CARLOS CASTELLANO', 477),
(73, 'CASERIO EL POZON', 477),
(74, 'DON FLORES', 477),
(75, 'EL AUYAMAL', 477),
(76, 'EL CARDONAL', 477),
(77, 'EL MOSCU', 477),
(78, 'EL NEGRETE', 477),
(79, 'EL POZON', 477),
(80, 'EL POZON TINTORERO', 477),
(81, 'LA COSTA', 477),
(82, 'LA ERMITA', 477),
(83, 'LA FILA', 477),
(84, 'LA ISLA', 477),
(85, 'LA QUIBOREÑA', 477),
(86, 'LA ZONA', 477),
(87, 'LOS CERRITOS', 477),
(88, 'LOS COMPADRES', 477),
(89, 'LOS JEBES', 477),
(90, 'LOS MALAVARES', 477),
(91, 'PATRIOTA', 477),
(92, 'PEPE COLOMA', 477),
(93, 'PLAYA BONITA', 477),
(94, 'PUERTAS DEL CIELO', 477),
(95, 'RELUCIENTE DE CUBIRO', 477),
(96, 'SAN JOSE DE QUIBOR', 477),
(97, 'SECTOR LA ISLA ALTAGRACIA', 477),
(98, 'TAMARINDO', 477),
(99, 'TINTORERO', 477),
(100, 'VILLA QUIBURE', 477),
(101, 'AGUA FRIA', 460),
(102, 'BARRIO AJURO', 460),
(103, 'CALLE NUEVA', 460),
(104, 'CASACOIMA', 460),
(105, 'CAÑO RICO', 460),
(106, 'DUACA CARRERA 19 ENTRE 6 Y 7', 460),
(107, 'DUACA SECTOR MI QUERENCIA', 460),
(108, 'DUACA SECTOR SABANITA', 460),
(109, 'EL GUAYABO', 460),
(110, 'JOAQUIN CRESPO', 460),
(111, 'JOSE FELIX RIBAS', 460),
(112, 'LA CLARISTEÑA', 460),
(113, 'LA GUACHAFITA', 460),
(114, 'LA PANCHERA', 460),
(115, 'LA PICA', 460),
(116, 'LA TRAVESIA', 460),
(117, 'LA VEGA', 460),
(118, 'LAS CASITAS', 460),
(119, 'LAS MALVINAS', 460),
(120, 'LIMONCITO', 460),
(121, 'LOS CHIVOS', 460),
(122, 'LOS VOLCANES', 460),
(123, 'QUEBRAHACHO', 460),
(124, 'SAN MATEO', 460),
(125, 'SAN MIGUEL', 460),
(126, 'SANTA ANA', 460),
(127, 'SC. EL POTRERO', 460),
(128, 'SEC. LA GLORIETA', 460),
(129, 'SECTORES AISLADOS', 460),
(130, 'SECTORES VARIOS', 460),
(131, 'TODAS', 460),
(132, 'URB. JOSE FELIX RIVAS', 460),
(133, 'BRISAS DEL ALTO', 461),
(134, 'CABUDARITO', 461),
(135, 'EL CHOTERO', 461),
(136, 'EL CHOTERO PASO', 461),
(137, 'EL DACERO', 461),
(138, 'EL ENEAL', 461),
(139, 'EL PEGON', 461),
(140, 'EL TORO', 461),
(141, 'LA RINCONADA', 461),
(142, 'LAS VERAS', 461),
(143, 'LOS COLMENAREZ', 461),
(144, 'LOS QUEMAOS', 461),
(145, 'PALAFITOS', 461),
(146, 'PALAFITOS PARCELA N°73', 461),
(147, 'PASO DE TACARIGUA', 461),
(148, 'PERARAPA', 461),
(149, 'SIMON VIRGUEZ', 461),
(150, 'TACARIGUA AGUA SANTA', 461),
(151, 'AGUA VIVA', 490),
(152, 'BRISAS DE LAS TUNAS', 490),
(153, 'CRUZ NORTE', 490),
(154, 'LA BULLONERA', 490),
(155, 'LAS CUIBAS', 490),
(156, 'LAS TUNAS', 490),
(157, 'TUNAS', 490),
(158, 'UVA II', 490),
(159, 'VALLECITO', 490),
(160, 'VALLECITO OESTE', 490),
(161, 'VILLAS DE CANAAN', 490),
(162, 'BARRIO TEREPAIMA', 488),
(163, 'CABUDARE CENTRO', 488),
(164, 'CAMINOS DE TARABANA', 488),
(165, 'EL NUEVO AMANECER', 488),
(166, 'IRIS ROSA', 488),
(167, 'JOSE GREGORIO BASTIDAS', 488),
(168, 'LA ALDEANA', 488),
(169, 'LAS ACACIAS', 488),
(170, 'LOMAS DE TABURE', 488),
(171, 'LOS NARANJOS', 488),
(172, 'LOS RASTROJOS', 488),
(173, 'NUEVO AMANECER', 488),
(174, 'NUEVO AMANECER II', 488),
(175, 'SANTA BARBARA', 488),
(176, 'SANTA MONICA', 488),
(177, 'TARABANA', 488),
(178, 'TARABANA II', 488),
(179, 'URBANIZACION TEREPAIMA', 488),
(180, '12° DE FEBRERO', 489),
(181, '6° DE ENERO', 489),
(182, 'AISLADAS', 489),
(183, 'ASENTAMIENTO CAMPESINO LA MORA', 489),
(184, 'ATAPAIMA', 489),
(185, 'BRISAS DE TARABANA', 489),
(186, 'BRISAS DEL NORTE', 489),
(187, 'CAÑAVERAL', 489),
(188, 'COCO E´MONO', 489),
(189, 'COMANDANTE REYES', 489),
(190, 'DON FERNANDO', 489),
(191, 'DOS CERROS', 489),
(192, 'EL ENCANTO', 489),
(193, 'EL MAYAL', 489),
(194, 'EL PALACIERO', 489),
(195, 'EL PLACER', 489),
(196, 'EL SORGO', 489),
(197, 'EL TAMARINDO', 489),
(198, 'EL TRIGAL', 489),
(199, 'EZEQUIEL ZAMORA', 489),
(200, 'JOSE FELIX RIBAS', 489),
(201, 'JOSE GREGORIO BASTIDAS', 489),
(202, 'LA AGUADA', 489),
(203, 'LA ALFARERIA', 489),
(204, 'LA CHOCOLATERA', 489),
(205, 'LA LAGUNITA', 489),
(206, 'LA MATA', 489),
(207, 'LA MONTAÑA', 489),
(208, 'LA MONTAÑITA', 489),
(209, 'LA MORA', 489),
(210, 'LAS AXAGUAS', 489),
(211, 'LAS ROSAS', 489),
(212, 'LOS BUCARES', 489),
(213, 'LOS MANGOS', 489),
(214, 'LOS NARANJILLOS', 489),
(215, 'LOS RASTROJOS', 489),
(216, 'LOS RASTROJOS PADRE ULAR', 489),
(217, 'MAMA ROSA', 489),
(218, 'MANUELITA SAENZ', 489),
(219, 'MANUELITA SAENZ - EL TEREQUE', 489),
(220, 'MARIANO NAVARRO', 489),
(221, 'MAXIMINO ROJAS', 489),
(222, 'PIEDAD NORTE', 489),
(223, 'PIEDAD SUR', 489),
(224, 'PRADOS VERDES', 489),
(225, 'TAMARINDO', 489),
(226, 'TAMARINDO Y EL PLACER', 489),
(227, 'TODAS', 489),
(228, 'TRIGALPA', 489),
(229, 'VALLE CAMPESTRE', 489),
(230, 'VALLE CAMPESTRE LA MORA', 489),
(231, 'VILLA ESPERANZA', 489),
(232, 'VILLA MURACHI', 489),
(233, 'ANZOATEGUI', 481),
(234, '19° DE ABRIL', 480),
(235, 'BERLYN', 480),
(236, 'BORO CUJIZAL', 480),
(237, 'BORO LA CAÑADA', 480),
(238, 'BORO SANTA TERESA', 480),
(239, 'BORO STA TERESA', 480),
(240, 'CALLE 6 CON CARRERA 11', 480),
(241, 'CAMPO LINDO', 480),
(242, 'CIRCUNVALACION', 480),
(243, 'COLINAS DE SAN ANTONIO', 480),
(244, 'CONCEPCION', 480),
(245, 'COROMOTO', 480),
(246, 'DOS CAMINOS', 480),
(247, 'EL BOSQUE', 480),
(248, 'EL CALVARIO', 480),
(249, 'EL CHORRO', 480),
(250, 'EL HATICO', 480),
(251, 'EL MANZANO', 480),
(252, 'EL MOLINO', 480),
(253, 'EL OLIVO', 480),
(254, 'EL OSPINAL', 480),
(255, 'EL PEÑON', 480),
(256, 'GOAJIRA MAMONAL', 480),
(257, 'GOAJIRITA', 480),
(258, 'GUAJIRITA MAMONAL', 480),
(259, 'HATO ARRIBA', 480),
(260, 'HATO VIEJO', 480),
(261, 'HATO VIEJO LOS CHARROS', 480),
(262, 'LA CARABINERA', 480),
(263, 'LA ESTRELLA', 480),
(264, 'LA LAGUNITA', 480),
(265, 'LA MANGA', 480),
(266, 'LA OTRA BANDA', 480),
(267, 'LA VERITAS', 480),
(268, 'LA ZARANDA', 480),
(269, 'LAGOS VERDES', 480),
(270, 'LAS ESTACA', 480),
(271, 'LOS EJIDOS', 480),
(272, 'LOS MEMBRILLOS', 480),
(273, 'MOLINO SANTA MARIA', 480),
(274, 'MORAN', 480),
(275, 'NUEVA VISION II', 480),
(276, 'PALO VERDE', 480),
(277, 'PLAN CAFÉ', 480),
(278, 'PUEBLO NUEVO', 480),
(279, 'PUERTA DE LOS ANDES', 480),
(280, 'QUEBRADA NEGRA', 480),
(281, 'ROBERTO MONTESINOS', 480),
(282, 'SAN ANTONIO', 480),
(283, 'SAN JUAN', 480),
(284, 'SANTA EDUVIGES', 480),
(285, 'SANTA EDUVIGIS', 480),
(286, 'SANTA RITA', 480),
(287, 'SECTORES AISLADOS', 480),
(288, 'TOCUYO', 480),
(289, 'TODAS', 480),
(290, 'URB. LUIS JONAS REYES', 480),
(291, 'URB. NUBIA', 480),
(292, 'VALVANERA', 480),
(293, 'VILLA DEL SOL', 480),
(294, 'VIRGEN DEL CARMEN', 480),
(295, 'YOGORE', 480),
(296, 'GUARICO', 482),
(297, 'LA CONCORDIA', 482),
(298, 'PALO VERDE', 482),
(299, 'YOGORE', 482),
(300, 'HUMOCARO ALTO', 484),
(301, 'BENIGNO DELGADO', 512),
(302, 'CASERIO EL CAÑO', 512),
(303, 'EL PROGRESO', 512),
(304, 'EL TESORO', 512),
(305, 'LA PASTORA', 512),
(306, 'LA PASTORA MOROTURO', 512),
(307, 'LOS TRES PALOS', 512),
(308, 'LOTE 8', 512),
(309, 'LOTE 10', 512),
(310, 'LOTE 12', 512),
(311, 'NAZARETH', 512),
(312, 'PAMPANITO', 512),
(313, 'PUEBLO NUEVO', 512),
(314, 'QUEBRADA SECA II', 512),
(315, 'RANCHO VERDE', 512),
(316, 'SAN JOSE DEL PALMAR', 512),
(317, 'AV. COMERCIO', 513),
(318, 'CASERIO EL PORVENIR', 513),
(319, 'CASERIO LA QUINTA', 513),
(320, 'CASERIO LOS PLANES', 513),
(321, 'EL GUAY DE URAMA', 513),
(322, 'EL TURAGUAL', 513),
(323, 'EL TURURUCU', 513),
(324, 'EL VESUBIO', 513),
(325, 'LA TURIQUIA', 513),
(326, '7° DE OCTUBRE', 491),
(327, 'AROITA', 491),
(328, 'CENTRO', 491),
(329, 'EL CACAO', 491),
(330, 'EL CAINAT', 491),
(331, 'EL CERRITO', 491),
(332, 'EL MILAGRO II', 491),
(333, 'EL RAYO', 491),
(334, 'EL ROBLE', 491),
(335, 'GAMELOTAL', 491),
(336, 'GLORIA DE LARA', 491),
(337, 'GLORIA DE LARA I', 491),
(338, 'LA MILAGROSA', 491),
(339, 'LA MORA', 491),
(340, 'LA TRONADORA', 491),
(341, 'LAS PARCELAS', 491),
(342, 'LAS VUELTAS', 491),
(343, 'LOS JABILLOS', 491),
(344, 'LOS POZONES', 491),
(345, 'MAPORAL', 491),
(346, 'NUEVA ESPERANZA', 491),
(347, 'PUEBLO ABAJO', 491),
(348, 'PUEBLO ARRIBA', 491),
(349, 'QUEBRADA HONDA', 491),
(350, 'SABANETA', 491),
(351, 'SORFINA BRITO', 491),
(352, 'TODAS', 491),
(353, 'CABIMBA', 492),
(354, 'EL AMBULATORIO', 492),
(355, 'EL ESTADIO', 492),
(356, 'EL MEREY', 492),
(357, 'EL MEREY Y ARAGUITA', 492),
(358, 'EL MEREY Y MANZANITA', 492),
(359, 'EL MOLINO', 492),
(360, 'LOS MANGOS', 492),
(361, 'LOS MANGOS II', 492),
(362, 'LOS PINOS', 492),
(363, 'MANZANITA', 492),
(364, 'PALO VERDE Y ROSALERA', 492),
(365, 'BRISAS DEL CERRITO', 493),
(366, 'CAJA DE AGUA', 493),
(367, 'LA MIEL', 493),
(368, 'SABANA ALTA', 493),
(369, 'SAN PEDRITO', 493),
(370, 'EL LAGARTIJAL', 496),
(371, 'JOSE GREGORIO AGUIAR', 496),
(372, 'CASCAJALES', 501),
(373, 'LA PIMIENTA', 509),
(374, 'PARAPARA', 509),
(375, 'AISLADOS CARORA', 494),
(376, 'ALTOS DE LARA', 494),
(377, 'BARRIO NUEVO', 494),
(378, 'BARRIO NUEVO CARORA', 494),
(379, 'CALICANTO', 494),
(380, 'CALICANTO CARORA', 494),
(381, 'CAMPO LINDO', 494),
(382, 'CAMPO LINDO III - CARORITA', 494),
(383, 'CARORA CENTRO', 494),
(384, 'CASCAJALES', 494),
(385, 'CASOS AISLADOS', 494),
(386, 'CECILIO ZUBILLAGAS', 494),
(387, 'CENTRO CARORA', 494),
(388, 'CERRO DE LA CRUZ', 494),
(389, 'CERRO LA CRUZ', 494),
(390, 'CERRO LA CRUZ (2)', 494),
(391, 'CERRO OSCURO', 494),
(392, 'CERRO OSCURO (2)', 494),
(393, 'CERRO PELON', 494),
(394, 'COMUNIDAD UNIDA', 494),
(395, 'CURARIGUA', 494),
(396, 'DIVERSAS COMUNIDADES', 494),
(397, 'DIVERSOS SECTORES', 494),
(398, 'EL LAGARTIJAL', 494),
(399, 'EL PICUDO', 494),
(400, 'EL ROBLE CARORA', 494),
(401, 'EL TERMINAL', 494),
(402, 'EZEQUIEL ZAMORA', 494),
(403, 'FUNDALARA', 494),
(404, 'JOSE GREGORIO AGUIAR', 494),
(405, 'LA ESPERANZA', 494),
(406, 'LA FUENTE', 494),
(407, 'LA GUZMANA EZEQUIEL ZAMORA', 494),
(408, 'LA GUZMANA CARORA', 494),
(409, 'LA PASTORA', 494),
(410, 'LA PIMIENTA', 494),
(411, 'LA SABANA', 494),
(412, 'LAS COCIZAS', 494),
(413, 'LAS PALMITAS', 494),
(414, 'LITO ARENAS', 494),
(415, 'LOS ARANGUEZ', 494),
(416, 'MANO DE DIOS', 494),
(417, 'MANOS DE DIOS', 494),
(418, 'OTRA BANDA', 494),
(419, 'PALMA SOLA', 494),
(420, 'PARAPARA', 494),
(421, 'PLAYA MARIN', 494),
(422, 'PUEBLO APARTE', 494),
(423, 'PUENTE TORRES', 494),
(424, 'QUEBRADA ARRIBA', 494),
(425, 'ROBLE VIEJO', 494),
(426, 'SAN VICENTE', 494),
(427, 'SANTA BARBARA CARORA', 494),
(428, 'SANTA RITA', 494),
(429, 'SANTA RITA CARORA', 494),
(430, 'SANTA RITA(1)', 494),
(431, 'SECTOR EL ROBLE', 494),
(432, 'SECTOR PLAYA MARIN CALLE PRINCIPAL', 494),
(433, 'SICARE', 494),
(434, 'SIMON RODRIGUEZ', 494),
(435, 'SIMON RODRIGUEZ CARORA', 494),
(436, 'TODAS', 494),
(437, 'BOBARE', 469),
(438, 'CASERIO EL CAIMITO', 469),
(439, 'CASERIO MATATERE', 469),
(440, 'CHARCO LARGO', 469),
(441, 'CIRCUITO II', 469),
(442, 'CIRCUITO III', 469),
(443, 'CIRCUITO IV', 469),
(444, 'CUESTA GRANDE', 469),
(445, 'Caserio El Cucharal', 469),
(446, 'EL CAIMITO', 469),
(447, 'EL CENTRO DE BOBARE', 469),
(448, 'EL SUSPIRAL', 469),
(449, 'LA CRUZ', 469),
(450, 'LA DEMOCRACIA', 469),
(451, 'LA GUADALUPE', 469),
(452, 'LA MANGA', 469),
(453, 'LA PLAYA', 469),
(454, 'LAS MULAS', 469),
(455, 'LOS ALGODONES', 469),
(456, 'LOS COCHINOS', 469),
(457, 'POTRERO DE BUCARE', 469),
(458, 'POTRERO DE BUCARE BOBARE', 469),
(459, 'SECTOR LA VIRGEN', 469),
(460, 'Sector la Virgen', 469),
(461, 'TIERRA DE LOSA', 469),
(462, 'TIERRA DE LOZA I', 469),
(463, 'TIERRA E LOSA', 469),
(464, 'TUNA DE VACA', 469),
(465, 'USERA', 469),
(466, 'BUCARAL', 470),
(467, 'BUENA VISTA', 470),
(468, 'BUENOS AIRES PURA Y LIMPIA', 470),
(469, 'Caserio El Castaño', 470),
(470, 'Caserio La Pastora', 470),
(471, 'EL PALENQUE', 470),
(472, 'EL PALENQUE PLAN', 470),
(473, 'MATA REDONDA', 470),
(474, 'PALENQUE ABAJO GUAYABAL', 470),
(475, 'PORTON DEL CIELO', 470),
(476, 'PORTON PESADO', 470),
(477, 'SABANA DEL CORTIJO', 470),
(478, 'AISLADOS RIO CLARO', 471),
(479, 'BELLO MONTE', 471),
(480, 'DIVERSOS SECTORES', 471),
(481, 'EL CEMENTERIO', 471),
(482, 'GUAYABAL', 471),
(483, 'LA TRINIDAD', 471),
(484, 'LAS MATIAS', 471),
(485, 'LOS CEDROS', 471),
(486, 'LOS CHUCOS', 471),
(487, 'RIO CLARO', 471),
(488, 'VALLES DE GUAMACIRE', 471),
(489, 'ALTO LLANO', 467),
(490, 'BRISAS DEL ROBLE', 467),
(491, 'BRISAS DEL ROBLE II', 467),
(492, 'CALIFORNIA NORTE', 467),
(493, 'CORDERITO', 467),
(494, 'CORDERO', 467),
(495, 'CORDERO UNIDO', 467),
(496, 'EL AMANECER POTRERO', 467),
(497, 'EL DESPERTAR', 467),
(498, 'EL ESFUERZO DE LOS ROBLES', 467),
(499, 'EL MOLINO', 467),
(500, 'EL PAMPERO', 467),
(501, 'EL POTRERO', 467),
(502, 'EL PROGRESO DE LAS TUNAS', 467),
(503, 'EL ROBLE', 467),
(504, 'FEDERMAN', 467),
(505, 'GUAYABAL', 467),
(506, 'LA BENDICION DE DIOS', 467),
(507, 'LA CHATA', 467),
(508, 'LA FLORESTA', 467),
(509, 'LA LAGUNA', 467),
(510, 'LA LLANADA', 467),
(511, 'LA PLAYA', 467),
(512, 'LA PLAYA II', 467),
(513, 'LA PLAYA III', 467),
(514, 'LA ROSA', 467),
(515, 'LAS DELICIAS', 467),
(516, 'LAS LLANADAS', 467),
(517, 'LAS NIEVEZ', 467),
(518, 'LAS PLAYITAS', 467),
(519, 'LAS SABILAS', 467),
(520, 'LAS TUNAS', 467),
(521, 'LAS VERAS', 467),
(522, 'LAS VIRGINIAS', 467),
(523, 'LLANO ALTO', 467),
(524, 'LOS LIBERTADORES', 467),
(525, 'LOS PINOS', 467),
(526, 'LOS POCITOS', 467),
(527, 'LOS RATROJITOS', 467),
(528, 'LOS TULIPANES', 467),
(529, 'MAURICIA GONZALES', 467),
(530, 'NONAVANA', 467),
(531, 'NUEVA ESPERANZA', 467),
(532, 'NUEVA ESPERANZA II', 467),
(533, 'PAMPERO NORTE', 467),
(534, 'PATIO COLORADO', 467),
(535, 'PEPI MONTES DE OCA', 467),
(536, 'POTRERO', 467),
(537, 'POTRERO I', 467),
(538, 'POTRERO II', 467),
(539, 'RAFAEL MONTES DE OCA', 467),
(540, 'RASTROJITO', 467),
(541, 'RASTROJITO CENTRO', 467),
(542, 'RETEN ABAJO', 467),
(543, 'RETEN ARRIBA', 467),
(544, 'ROMERAL', 467),
(545, 'ROMERAL III', 467),
(546, 'SABANA GRANDE', 467),
(547, 'SAN ANTONIO', 467),
(548, 'SAN ANTONIO DE LAS TUNAS', 467),
(549, 'SANTA BARBARA', 467),
(550, 'SANTA INES MAPARARI', 467),
(551, 'TAMACA CENTRO', 467),
(552, 'TAMAQUITA', 467),
(553, 'URB. JOSE FELIX RIVAS', 467),
(554, 'URIBANA SECTOR LA GRANJA', 467),
(555, 'VALLES DE URIBANA', 467),
(556, 'VICENTE RIVERO', 467),
(557, 'ZULEIMA MELENDEZ', 467),
(558, 'ALAMBIQUE I', 468),
(559, 'ALTOS DE JALISCO', 468),
(560, 'ANDRES CASTILLO', 468),
(561, 'BARRIO EL CARMEN', 468),
(562, 'BARRIO LINDO', 468),
(563, 'BARRIO NUEVO', 468),
(564, 'BARRIO UNION', 468),
(565, 'BARRIO UNION 1-A', 468),
(566, 'BRISAS DE PAVIA', 468),
(567, 'BRISAS DEL NORTE', 468),
(568, 'BRISAS DEL TROMPILLO', 468),
(569, 'CARORITA ARRIBA', 468),
(570, 'COMUNA PIO TAMAYO', 468),
(571, 'CRUZ NORTE', 468),
(572, 'EL ALAMBIQUE', 468),
(573, 'EL CARMEN', 468),
(574, 'EL MAMON II', 468),
(575, 'EL TRIUNFO', 468),
(576, 'EL TROMPILLO', 468),
(577, 'ESPERANZA', 468),
(578, 'FORTUNATO ORELLANA', 468),
(579, 'FUERZA Y REVOLUCION', 468),
(580, 'GUERRERA ANA SOTO', 468),
(581, 'JACINTO LARA I', 468),
(582, 'JACINTO LARA NORTE', 468),
(583, 'JACINTO LARA NORTE 1', 468),
(584, 'JACINTO LARA NORTE I', 468),
(585, 'JACINTO LARA NORTE II', 468),
(586, 'LA ANTENA', 468),
(587, 'LA CAÑADA', 468),
(588, 'LA CONEJERA', 468),
(589, 'LA ESPERANZA', 468),
(590, 'LA GRANJA', 468),
(591, 'LA INDEPENDENCIA 4 FEBRERO', 468),
(592, 'LA PEÑA', 468),
(593, 'LA PEÑA SECTOR 1', 468),
(594, 'LA PEÑA SECTOR 2', 468),
(595, 'LA PEÑA SECTOR 3', 468),
(596, 'LA PEÑA SECTOR II', 468),
(597, 'LA RINCONADA', 468),
(598, 'LA VICTORIA', 468),
(599, 'LA VOZ DEL PUEBLO', 468),
(600, 'LAS VERITAS', 468),
(601, 'LAS VERITAS DE UNION', 468),
(602, 'LOS LUISES', 468),
(603, 'LOS OLICORES', 468),
(604, 'MACIAS MUJICA', 468),
(605, 'MANUELITA SAENZ', 468),
(606, 'MOYETONES SECTOR III', 468),
(607, 'NUEVO BARRIO', 468),
(608, 'PAVIA', 468),
(609, 'PORTACHUELO', 468),
(610, 'PRADOS DE LAS VERITAS', 468),
(611, 'SAN JACINTO', 468),
(612, 'SAN LORENZO', 468),
(613, 'SANTO LUSARDO', 468),
(614, 'VALLE ALTO', 468),
(615, 'VALLE CAMPESTRE', 468),
(616, 'VALLECITO ALTO', 468),
(617, 'VALLES DE ALI PRIMERA', 468),
(618, 'VALLES DE CHAVEZ', 468),
(619, 'VALLES DEL SOL', 468),
(620, '19° DE ABRIL EL JEBE', 462),
(621, '23° DE ENERO', 462),
(622, 'ALI RAFAEL BRAVO', 462),
(623, 'ARBOLEDA', 462),
(624, 'ARBOLEDA, PLAYON Y ALONDRA', 462),
(625, 'ASOUBE NEGRO PRIMERO', 462),
(626, 'ATILIO RAVICCINE', 462),
(627, 'CLAVELLINAS NORTE', 462),
(628, 'CRUZ BLANCA', 462),
(629, 'ECO ALDEA', 462),
(630, 'ECO ALDEA LOMAS DEL NORTE', 462),
(631, 'ECO ALDEA VALLE BERMEJO', 462),
(632, 'ECOALDEA BELLO MONTE', 462),
(633, 'EL ARAGUANEY', 462),
(634, 'EL JEBE', 462),
(635, 'EL JEBE AISLADAS', 462),
(636, 'EL JEBE EL VALLE', 462),
(637, 'EL JEBE LA ARBOLEDA', 462),
(638, 'EL JEBE LA LAGUNA', 462),
(639, 'EL JEBE LA PRADERA', 462),
(640, 'EL JEBE LA VAQUERA', 462),
(641, 'EL JEBE PORTACHUELO', 462),
(642, 'EL JEBE SECTOR EL VALLE', 462),
(643, 'EL JEBE SIMON BOLIVAR', 462),
(644, 'EL MANZANO', 462),
(645, 'EL MIRADOR', 462),
(646, 'EL ROBLE', 462),
(647, 'EL VALLE', 462),
(648, 'LA CONCORDIA', 462),
(649, 'LA FERIA', 462),
(650, 'LA LAGUNA', 462),
(651, 'LA LAGUNA EL JEBE', 462),
(652, 'LAS CASITAS', 462),
(653, 'LAS CLAVELLINAS', 462),
(654, 'LAS VERITAS', 462),
(655, 'LOS GRANADOS', 462),
(656, 'LOS RIACHUELOS', 462),
(657, 'LOS SAUCES', 462),
(658, 'LOS SAUCES - EL MANZANO', 462),
(659, 'MACUTO', 462),
(660, 'MACUTO CHAVEZ VIVE', 462),
(661, 'MANZANO ABAJO', 462),
(662, 'NEGRA HIPOLITA', 462),
(663, 'PORTACHUELO', 462),
(664, 'PROPATRIA', 462),
(665, 'RIO CENIZO', 462),
(666, 'RUEZGA NORTE', 462),
(667, 'SAN BENITO', 462),
(668, 'SAN JUAN DE LA CRUZ', 462),
(669, 'SECTOR RUEZGA SUR', 462),
(670, 'TRINITARIAS II', 462),
(671, 'VALLE LINDO', 462),
(672, 'ZANJON BARRERA', 462),
(673, 'ANTONIO JOSE DE SUCRE', 463),
(674, 'BARRIO NUEVO', 463),
(675, 'BELLA VISTA', 463),
(676, 'BELLA VISTA II', 463),
(677, 'CALLE 34 ENTRE 14 Y 15', 463),
(678, 'CALLE 4', 463),
(679, 'CARIBEAM 1', 463),
(680, 'CENTRO', 463),
(681, 'EL JAPON', 463),
(682, 'EL MALECON', 463),
(683, 'EL ROBLE', 463),
(684, 'INES LUCIA YEPEZ', 463),
(685, 'LA MILAGROSA', 463),
(686, 'LA VEGUITA', 463),
(687, 'MALECON', 463),
(688, 'MANUELITA SAENZ', 463),
(689, 'MILAGROSA', 463),
(690, 'NATIVIDAD ALVARADO', 463),
(691, 'NUEVO BARRIO', 463),
(692, 'PABLO SUAREZ', 463),
(693, 'SAN ANTONIO', 463),
(694, 'SAN JUAN', 463),
(695, 'SAN MARTIN DE PORRAS', 463),
(696, 'SAN VICENTE', 463),
(697, 'SANTA BARBARA', 463),
(698, 'SANTA EDUVIGES', 463),
(699, 'SANTO DOMINGO', 463),
(700, 'SIMON RODRIGUEZ (SIMONCITO)', 463),
(701, 'SIMON RODRIGUEZ I', 463),
(702, 'TEODORO DE DIAZ', 463),
(703, 'VOZ DE LARA', 463),
(704, '4° DE FEBRERO', 464),
(705, 'ANDRES BELLO', 464),
(706, 'BACHAQUERO', 464),
(707, 'BRISAS DE CARORITA', 464),
(708, 'CARORITA', 464),
(709, 'CARORITA LA PLAYA', 464),
(710, 'EL ARAGUANEY', 464),
(711, 'EL CAIRO', 464),
(712, 'EL CALLAO', 464),
(713, 'EL CARDONAL', 464),
(714, 'EL JAYO', 464),
(715, 'EL JAYO PARTE ALTA', 464),
(716, 'EL JAYO PARTE BAJA', 464),
(717, 'EL PARAISO DE SABANA GRANDE', 464),
(718, 'EL TRAPICHE', 464),
(719, 'EL VALLE', 464),
(720, 'EZEQUIEL ZAMORA', 464),
(721, 'FEDERMAN', 464),
(722, 'LA GALLERA', 464),
(723, 'LA LIBERTAD', 464),
(724, 'LA LIBERTAD MAISANTA', 464),
(725, 'LA MANGA EL MOLINO', 464),
(726, 'LA PASTORA', 464),
(727, 'LA PLAYA', 464),
(728, 'LA PLAYA III', 464),
(729, 'LA REPRESA', 464),
(730, 'LA ROSA', 464),
(731, 'LAS ACACIAS', 464),
(732, 'LAS ACACIAS Y CARORITA', 464),
(733, 'LAS NIEVES', 464),
(734, 'LAS VERITAS', 464),
(735, 'LOS NARANJILLOS', 464),
(736, 'LOS WARAOS', 464),
(737, 'LUISA CACERES DE ARISMENDI', 464),
(738, 'PARCELAMIENTO EL DESPERTAR', 464),
(739, 'PRADOS DEL NORTE', 464),
(740, 'PRADOS DEL NORTE I', 464),
(741, 'PRADOS DEL NORTE II', 464),
(742, 'RETEN ABAJO', 464),
(743, 'ROMULO BETANCOURT', 464),
(744, 'ROMULO GALLEGOS CARORITA', 464),
(745, 'SABANA GRANDE', 464),
(746, 'SAN ANTONIO', 464),
(747, 'SANTA EDUVIGES', 464),
(748, 'SIMON BOLIVAR', 464),
(749, 'TODAS', 464),
(750, 'URB. ROMULO BETANCOURT III', 464),
(751, 'URIBANA SECTOR LA GRANJA', 464),
(752, 'VALLE BERMEJO', 464),
(753, 'VALLE LINDO', 464),
(754, 'VALLE LINDO I', 464),
(755, 'VALLE LINDO II', 464),
(756, 'VALLES DE URIBANA', 464),
(757, 'VILLA JUANA', 464),
(758, 'CAMPESINO LA RINCONADA', 466),
(759, 'CERCADO CASCO CENTRAL', 466),
(760, 'CHIRGUA', 466),
(761, 'CHIRGUA 5', 466),
(762, 'CHIRGUA I', 466),
(763, 'CHIRGUA II', 466),
(764, 'CHIRGUA II PARTE BAJA', 466),
(765, 'CHIRGUA III', 466),
(766, 'CHIRGUA IV', 466),
(767, 'CHIRGUA V', 466),
(768, 'CLUB DE POLICIAS', 466),
(769, 'COLINAS DEL PINAR', 466),
(770, 'COMITÉ DE DISCAPACITADOS', 466),
(771, 'EL CERCADO', 466),
(772, 'EL CERCADO POZO AZUL', 466),
(773, 'EL UJANO', 466),
(774, 'FELIX MONTES', 466),
(775, 'FRENTE VICTORIA', 466),
(776, 'INDIO MANAURE', 466),
(777, 'JOSE GREGORIO BASTIDAS', 466),
(778, 'LA RINCONADA', 466),
(779, 'LA TOMATERA', 466),
(780, 'LA ZAMORANA', 466),
(781, 'LAS CLAVELLINAS', 466),
(782, 'LOMAS COUNTRY', 466),
(783, 'LOMAS VERDES', 466),
(784, 'POTRERITO', 466),
(785, 'POTRERITO Y LOMAS VERDES', 466),
(786, 'POZO AZUL', 466),
(787, 'SANTA ROSA', 466),
(788, 'SUEÑO BOLIVARIANO', 466),
(789, 'TERRAZAS VERDES', 466),
(790, 'TIERRA NEGRA', 466),
(791, 'TIERRA NEGRA CASCO CENTRAL 1', 466),
(792, 'UJANO', 466),
(793, 'URIBANA NORTE', 466),
(794, 'VEGOTE', 466),
(795, 'VERAGACHA', 466),
(796, 'VERAGACHA LOMAS DE SAN ISIDRO', 466),
(797, 'VILLA CAMPESTRE', 466),
(798, 'YACURAL', 466),
(799, '12° DE FEBRERO', 465),
(800, '19° DE ABRIL', 465),
(801, '19° DE ABRIL EL JEBE', 465),
(802, '1° DE MAYO', 465),
(803, '1° DE NOVIEMBRE', 465),
(804, '23° DE ENERO', 465),
(805, '24° DE JULIO', 465),
(806, '24° DE JULIO LA ISLA', 465),
(807, '24° DE JULIO PARTE ALTA', 465),
(808, '4° DE FEBRERO', 465),
(809, '5 DE JULIO SECTOR LA INDEPENDENCIA', 465),
(810, '5° DE JULIO', 465),
(811, '6° DE ENERO', 465),
(812, '7° DE OCTUBRE', 465),
(813, 'AGUA FRIA', 465),
(814, 'AGUA VIVA', 465),
(815, 'AGUA VIVA EL ROBLE', 465),
(816, 'AGUASAL', 465),
(817, 'AISLADAS', 465),
(818, 'AISLADOS', 465),
(819, 'AISLADOS CARORA', 465),
(820, 'AISLADOS RIO CLARO', 465),
(821, 'ALAMBIQUE I', 465),
(822, 'ALCABALA VIEJA', 465),
(823, 'ALEJO HERNANDEZ', 465),
(824, 'ALI RAFAEL BRAVO', 465),
(825, 'ALI RAFAEL PRIMERA', 465),
(826, 'ALTO LLANO', 465),
(827, 'ALTOS DE JALISCO', 465),
(828, 'ALTOS DE LARA', 465),
(829, 'ANA SOTO', 465),
(830, 'ANDRES BELLO', 465),
(831, 'ANDRES BELLO OESTE', 465),
(832, 'ANDRES CASTILLO', 465),
(833, 'ANDRES ELOY BLANCO', 465),
(834, 'ANTONIO JOSE DE SUCRE', 465),
(835, 'ANTONIO RICAURTE', 465),
(836, 'ANZOATEGUI', 465),
(837, 'ARAÑEROS DEL CARIBE', 465),
(838, 'ARBOLEDA', 465),
(839, 'ARBOLEDA, PLAYON Y ALONDRA', 465),
(840, 'ARENALES', 465),
(841, 'AROITA', 465),
(842, 'ASENTAMIENTO CAMPESINO LA MORA', 465),
(843, 'ASOPRADO', 465),
(844, 'ASOUBE NEGRO PRIMERO', 465),
(845, 'ATAPAIMA', 465),
(846, 'ATILIO RAVICCINE', 465),
(847, 'AV 7', 465),
(848, 'AV. COMERCIO', 465),
(849, 'AVENIDA LARA', 465),
(850, 'BACHAQUERO', 465),
(851, 'BARRIO AJURO', 465),
(852, 'BARRIO BOLIVAR', 465),
(853, 'BARRIO BOLIVAR  MANUEL CEDEÑO', 465),
(854, 'BARRIO BOLIVAR LA UREÑA', 465),
(855, 'BARRIO BOLIVAR SANTA BARBARA', 465),
(856, 'BARRIO EL CARMEN', 465),
(857, 'BARRIO LA PAZ', 465),
(858, 'BARRIO LINDO', 465),
(859, 'BARRIO NUEVO', 465),
(860, 'BARRIO NUEVO CARORA', 465),
(861, 'BARRIO SIMON BOLIVAR', 465),
(862, 'BARRIO TEREPAIMA', 465),
(863, 'BARRIO TRASANDINO', 465),
(864, 'BARRIO UNION', 465),
(865, 'BARRIO UNION 1-A', 465),
(866, 'BELLA LUCHA', 465),
(867, 'BELLA VISTA', 465),
(868, 'BELLA VISTA II', 465),
(869, 'BELLO MONTE', 465),
(870, 'BELLO MONTE, NORTE', 465),
(871, 'BENIGNO DELGADO', 465),
(872, 'BERLYN', 465),
(873, 'BOBARE', 465),
(874, 'BOBARE POTRERO DE BUCARE', 465),
(875, 'BOJO', 465),
(876, 'BONAIRE PARTE BAJA', 465),
(877, 'BORO CUJIZAL', 465),
(878, 'BORO LA CAÑADA', 465),
(879, 'BORO SANTA TERESA', 465),
(880, 'BORO STA TERESA', 465),
(881, 'BRISAS DE CARORITA', 465),
(882, 'BRISAS DE JERUSALEN', 465),
(883, 'BRISAS DE LA PRADERA', 465),
(884, 'BRISAS DE LA PRADERA I', 465),
(885, 'BRISAS DE LAS TUNAS', 465),
(886, 'BRISAS DE PAVIA', 465),
(887, 'BRISAS DE TARABANA', 465),
(888, 'BRISAS DE URDANETA', 465),
(889, 'BRISAS DEL AEROPUERTO', 465),
(890, 'BRISAS DEL ALTO', 465),
(891, 'BRISAS DEL CERRITO', 465),
(892, 'BRISAS DEL MAYORISTA', 465),
(893, 'BRISAS DEL NORTE', 465),
(894, 'BRISAS DEL OESTE', 465),
(895, 'BRISAS DEL ROBLE', 465),
(896, 'BRISAS DEL ROBLE II', 465),
(897, 'BRISAS DEL TROMPILLO', 465),
(898, 'BRISAS DEL TURBIO', 465),
(899, 'BRISAS DEL TURBIO I', 465),
(900, 'BUCARAL', 465),
(901, 'BUENA VISTA', 465),
(902, 'BUENOS AIRES PURA Y LIMPIA', 465),
(903, 'CABAÑA', 465),
(904, 'CABIMBA', 465),
(905, 'CABUDARE CENTRO', 465),
(906, 'CABUDARITO', 465),
(907, 'CAJA DE AGUA', 465),
(908, 'CALICANTO', 465),
(909, 'CALICANTO CARORA', 465),
(910, 'CALIFORNIA NORTE', 465),
(911, 'CALLE 34 ENTRE 14 Y 15', 465),
(912, 'CALLE 4', 465),
(913, 'CALLE 6 CON CARRERA 11', 465),
(914, 'CALLE BOLIVAR', 465),
(915, 'CALLE MIGUEL MELENDEZ', 465),
(916, 'CALLE NUEVA', 465),
(917, 'CALLE SULPLICIO GUTIERREZ', 465),
(918, 'CAMINOS DE TARABANA', 465),
(919, 'CAMPESINO LA RINCONADA', 465),
(920, 'CAMPO ALEGRE', 465),
(921, 'CAMPO LINDO', 465),
(922, 'CAMPO LINDO III - CARORITA', 465),
(923, 'CANAPE', 465),
(924, 'CARDONAL REVOLUCIONARIO', 465),
(925, 'CARIBE I', 465),
(926, 'CARIBE I SUR', 465),
(927, 'CARIBE II Y III', 465),
(928, 'CARIBEAM 1', 465),
(929, 'CARLOS CASTELLANO', 465),
(930, 'CARORA CENTRO', 465),
(931, 'CARORITA', 465),
(932, 'CARORITA ARRIBA', 465),
(933, 'CARORITA LA PLAYA', 465),
(934, 'CASA ITALIA', 465),
(935, 'CASACOIMA', 465),
(936, 'CASCAJALES', 465),
(937, 'CASCO CENTRO', 465),
(938, 'CASERIO CHAMIZA', 465),
(939, 'CASERIO COPIPE', 465),
(940, 'CASERIO EL CAIMITO', 465),
(941, 'CASERIO EL CARRIZAL', 465),
(942, 'CASERIO EL CAÑO', 465),
(943, 'CASERIO EL COPEY', 465),
(944, 'CASERIO EL PORVENIR', 465),
(945, 'CASERIO EL POZON', 465),
(946, 'CASERIO LA INDEPENDENCIA', 465),
(947, 'CASERIO LA QUINTA', 465),
(948, 'CASERIO LOS PLANES', 465),
(949, 'CASERIO MATATERE', 465),
(950, 'CASERIO MORON', 465),
(951, 'CASERIO OROCALLE', 465),
(952, 'CASERIO RIO ABAJO', 465),
(953, 'CASOS AISLADOS', 465),
(954, 'CASPO CENTRO', 465),
(955, 'CAÑAVERAL', 465),
(956, 'CAÑO RICO', 465),
(957, 'CECILIO ZUBILLAGA', 465),
(958, 'CEIBA', 465),
(959, 'CEIBA NORTE', 465),
(960, 'CEIBA SUR', 465),
(961, 'CEMENTERIO/TUNITAS', 465),
(962, 'CENTRO', 465),
(963, 'CENTRO CARORA', 465),
(964, 'CERCADO CASCO CENTRAL', 465),
(965, 'CERRITO BLANCO', 465),
(966, 'CERRO DE LA CRUZ', 465),
(967, 'CERRO LA CRUZ', 465),
(968, 'CERRO LA CRUZ (2)', 465),
(969, 'CERRO MARA', 465),
(970, 'CERRO MORON', 465),
(971, 'CERRO OSCURO', 465),
(972, 'CERRO OSCURO (2)', 465),
(973, 'CERRO PELON', 465),
(974, 'CHARCO LARGO', 465),
(975, 'CHAVEZ POR SIEMPRE', 465),
(976, 'CHIRGUA', 465),
(977, 'CHIRGUA 5', 465),
(978, 'CHIRGUA I', 465),
(979, 'CHIRGUA II', 465),
(980, 'CHIRGUA II PARTE BAJA', 465),
(981, 'CHIRGUA III', 465),
(982, 'CHIRGUA IV', 465),
(983, 'CHIRGUA V', 465),
(984, 'CIRCUITO II', 465),
(985, 'CIRCUITO III', 465),
(986, 'CIRCUITO IV', 465),
(987, 'CIRCUNVALACION', 465),
(988, 'CIUDAD BICENTENARIA', 465),
(989, 'CLAVELLINAS NORTE', 465),
(990, 'CLUB DE POLICIAS', 465),
(991, 'COCO E´MONO', 465),
(992, 'COCUYAL', 465),
(993, 'COLINA DE LA IGLESIA', 465),
(994, 'COLINAS DE GUANARITO', 465),
(995, 'COLINAS DE JOSE FELIX RIVAS', 465),
(996, 'COLINAS DE LA LUCHA', 465),
(997, 'COLINAS DE SAN ANTONIO', 465),
(998, 'COLINAS DEL PINAR', 465),
(999, 'COLUMNAS DE FUEGO', 465),
(1000, 'COMANDANTE ETERNO INVICTO', 465),
(1001, 'COMANDANTE REYES', 465),
(1002, 'COMANDITO DE BATALLA', 465),
(1003, 'COMITÉ DE DISCAPACITADOS', 465),
(1004, 'COMUNA ASUNCION PIÑERO', 465),
(1005, 'COMUNA PIO TAMAYO', 465),
(1006, 'COMUNIDAD UNIDA', 465),
(1007, 'CONCEPCION', 465),
(1008, 'CONCORDIA III', 465),
(1009, 'CORDERITO', 465),
(1010, 'CORDERO', 465),
(1011, 'CORDERO UNIDO', 465),
(1012, 'COROMOTO', 465),
(1013, 'CRUZ ALTA PARTE BAJA', 465),
(1014, 'CRUZ BLANCA', 465),
(1015, 'CRUZ DE MAYO', 465),
(1016, 'CRUZ NORTE', 465),
(1017, 'CUARA', 465),
(1018, 'CUESTA GRANDE', 465),
(1019, 'CURARIGUA', 465),
(1020, 'CUTRUPICITO', 465),
(1021, 'Caserio El Castaño', 465),
(1022, 'Caserio El Cucharal', 465),
(1023, 'Caserio La Pastora', 465),
(1024, 'DELFIN GONZALEZ', 465),
(1025, 'DESPARRAMADERO', 465),
(1026, 'DIVERSOS SECTORES', 465),
(1027, 'DON FERNANDO', 465),
(1028, 'DON FLORES', 465),
(1029, 'DOS CAMINOS', 465),
(1030, 'DOS CERROS', 465),
(1031, 'DOÑA MARTHA', 465),
(1032, 'DUACA CARRERA 19 ENTRE 6 Y 7', 465),
(1033, 'DUACA SECTOR MI QUERENCIA', 465),
(1034, 'DUACA SECTOR SABANITA', 465),
(1035, 'ECO ALDEA', 465),
(1036, 'ECO ALDEA LOMAS DEL NORTE', 465),
(1037, 'ECO ALDEA VALLE BERMEJO', 465),
(1038, 'ECOALDEA BELLO MONTE', 465),
(1039, 'EL ALAMBIQUE', 465),
(1040, 'EL AMBULATORIO', 465),
(1041, 'EL ARAGUANEY', 465),
(1042, 'EL AUYAMAL', 465),
(1043, 'EL BAJIO', 465),
(1044, 'EL BOSQUE', 465),
(1045, 'EL CACAO', 465),
(1046, 'EL CAINAT', 465),
(1047, 'EL CAIRO', 465),
(1048, 'EL CALLAO', 465),
(1049, 'EL CALVARIO', 465),
(1050, 'EL CARDENAL', 465),
(1051, 'EL CARDENALITO', 465),
(1052, 'EL CARDONAL', 465),
(1053, 'EL CARDONAL REVOLUCIONARIO I', 465),
(1054, 'EL CARIBE', 465),
(1055, 'EL CARMEN', 465),
(1056, 'EL CEMENTERIO', 465),
(1057, 'EL CENTRO DE BOBARE', 465),
(1058, 'EL CERCADO', 465),
(1059, 'EL CERCADO POZO AZUL', 465),
(1060, 'EL CERRITO', 465),
(1061, 'EL CHORRO', 465),
(1062, 'EL CHOTERO', 465),
(1063, 'EL CHOTERO PASO', 465),
(1064, 'EL COLERA', 465),
(1065, 'EL CORIANO', 465),
(1066, 'EL CORIANO FORTUNATO PARGAS', 465),
(1067, 'EL CORIANO II', 465),
(1068, 'EL CORIANO SANTA BARBARA', 465),
(1069, 'EL CORIANO VALLE INMACULADA', 465),
(1070, 'EL DACERO', 465),
(1071, 'EL DEGREDO', 465),
(1072, 'EL DESPERTAR DE TAMACA CENTRO', 465),
(1073, 'EL ENCANTO', 465),
(1074, 'EL ENEAL', 465),
(1075, 'EL ESFUERZO DE LOS ROBLES', 465),
(1076, 'EL ESTADIO', 465),
(1077, 'EL ESTADIUM', 465),
(1078, 'EL ETERNO GIGANTE', 465),
(1079, 'EL GARABATAL', 465),
(1080, 'EL GUAY DE URAMA', 465),
(1081, 'EL GUAYABO', 465),
(1082, 'EL HATICO', 465),
(1083, 'EL HATO', 465),
(1084, 'EL HIGUERON', 465),
(1085, 'EL JAPON', 465),
(1086, 'EL JAYO', 465),
(1087, 'EL JAYO PARTE ALTA', 465),
(1088, 'EL JAYO PARTE BAJA', 465),
(1089, 'EL JEBE', 465),
(1090, 'EL JEBE 19 DE ABRIL', 465),
(1091, 'EL JEBE AISLADAS', 465),
(1092, 'EL JEBE COLINA', 465),
(1093, 'EL JEBE EL VALLE', 465),
(1094, 'EL JEBE LA ARBOLEDA', 465),
(1095, 'EL JEBE LA LAGUNA', 465),
(1096, 'EL JEBE LA PASTORA', 465),
(1097, 'EL JEBE LA PRADERA', 465),
(1098, 'EL JEBE LA VAQUERA', 465),
(1099, 'EL JEBE LOS GRANADOS', 465),
(1100, 'EL JEBE PORTACHUELO', 465),
(1101, 'EL JEBE SECTOR EL VALLE', 465),
(1102, 'EL JEBE SIMON BOLIVAR', 465),
(1103, 'EL LAGARTIJAL', 465),
(1104, 'EL MALECON', 465),
(1105, 'EL MAMON II', 465),
(1106, 'EL MANZANO', 465),
(1107, 'EL MANZANO  SECTOR LOS SAUCES', 465),
(1108, 'EL MANZANO ABAJO', 465),
(1109, 'EL MANZANO RIO CENIZO', 465),
(1110, 'EL MANZANO SAN JUAN DE LA CRUZ', 465),
(1111, 'EL MAYAL', 465),
(1112, 'EL MEREY', 465),
(1113, 'EL MEREY Y ARAGUITA', 465),
(1114, 'EL MEREY Y MANZANITA', 465),
(1115, 'EL MILAGRO II', 465),
(1116, 'EL MIRADOR', 465),
(1117, 'EL MOLINO', 465),
(1118, 'EL MOSCU', 465),
(1119, 'EL NEGRETE', 465),
(1120, 'EL NUEVO AMANECER', 465),
(1121, 'EL OBELISCO', 465),
(1122, 'EL OLIVO', 465),
(1123, 'EL OSPINAL', 465),
(1124, 'EL PALACIERO', 465),
(1125, 'EL PALENQUE', 465),
(1126, 'EL PALENQUE PLAN', 465),
(1127, 'EL PAMPERO', 465),
(1128, 'EL PARAISO', 465),
(1129, 'EL PARAISO DE SABANA GRANDE', 465),
(1130, 'EL PEGON', 465),
(1131, 'EL PEÑON', 465),
(1132, 'EL PICUDO', 465),
(1133, 'EL PLACER', 465),
(1134, 'EL POZON', 465),
(1135, 'EL POZON TINTORERO', 465),
(1136, 'EL PROGRESO', 465),
(1137, 'EL PROGRESO DE LAS TUNAS', 465),
(1138, 'EL PUEBLITO', 465),
(1139, 'EL RAYO', 465),
(1140, 'EL ROBLE', 465),
(1141, 'EL ROBLE CARORA', 465),
(1142, 'EL SORGO', 465),
(1143, 'EL SUSPIRAL', 465),
(1144, 'EL TAMARINDO', 465),
(1145, 'EL TERMINAL', 465),
(1146, 'EL TESORO', 465),
(1147, 'EL TORO', 465),
(1148, 'EL TOSTAO', 465),
(1149, 'EL TOSTAO 19 DE ABRIL', 465),
(1150, 'EL TOSTAO EL PALOMAR', 465),
(1151, 'EL TOSTAO EL PARAISO', 465),
(1152, 'EL TOSTAO FUERZAS UNIDAS', 465),
(1153, 'EL TOSTAO I', 465),
(1154, 'EL TOSTAO MARIBEL NUÑEZ', 465),
(1155, 'EL TRAPICHE', 465),
(1156, 'EL TRIGAL', 465),
(1157, 'EL TRIGAL II', 465),
(1158, 'EL TRIUNFO', 465),
(1159, 'EL TROMPILLO', 465),
(1160, 'EL TURAGUAL', 465),
(1161, 'EL TURPIAL', 465),
(1162, 'EL TURURUCU', 465),
(1163, 'EL UJANO', 465),
(1164, 'EL VALLE', 465),
(1165, 'EL VERDUN', 465),
(1166, 'EL VESUBIO', 465),
(1167, 'ENRIQUE ALVARADO Y YABALITO', 465),
(1168, 'ESPERANZA', 465),
(1169, 'EZEQUIEL ZAMORA', 465),
(1170, 'EZEQUIEL ZAMORA SENDEROS DE LA LIBERTAD', 465),
(1171, 'FE EN CRISTO', 465),
(1172, 'FEDERMAN', 465),
(1173, 'FELIX FRANCISCO RODRIGUEZ', 465),
(1174, 'FELIX MONTES', 465),
(1175, 'FORTUNATO ORELLANA', 465),
(1176, 'FRANCISCO TAMAYO', 465),
(1177, 'FRENTE VICTORIA', 465),
(1178, 'FUERZA Y REVOLUCION', 465),
(1179, 'FUNDALARA', 465),
(1180, 'FUNREVI ALGARY', 465),
(1181, 'GAMELOTAL', 465),
(1182, 'GLORIA DE LARA', 465),
(1183, 'GLORIA DE LARA I', 465),
(1184, 'GOAJIRA MAMONAL', 465),
(1185, 'GOAJIRITA', 465),
(1186, 'GUACAMUCO I', 465),
(1187, 'GUACAMUCO II', 465),
(1188, 'GUAJIRITA MAMONAL', 465),
(1189, 'GUANARITO', 465),
(1190, 'GUAPA LA CRUZ', 465),
(1191, 'GUARICO', 465),
(1192, 'GUATAJIRES', 465),
(1193, 'GUAYABAL', 465),
(1194, 'GUERRERA ANA SOTO', 465),
(1195, 'HACHA', 465),
(1196, 'HATO ARRIBA', 465),
(1197, 'HATO VIEJO', 465),
(1198, 'HATO VIEJO LOS CHARROS', 465),
(1199, 'HUMOCARO ALTO', 465),
(1200, 'INDEPENDENCIA POPULAR SOBERANA', 465),
(1201, 'INDIO MANAURE', 465),
(1202, 'INES LUCIA YEPEZ', 465),
(1203, 'IRIS ROSA', 465),
(1204, 'ISLA ALTAGRACIA', 465),
(1205, 'JABALITO', 465),
(1206, 'JACINTO LARA', 465),
(1207, 'JACINTO LARA I', 465),
(1208, 'JACINTO LARA II', 465),
(1209, 'JACINTO LARA III', 465),
(1210, 'JACINTO LARA IV', 465),
(1211, 'JACINTO LARA NORTE', 465),
(1212, 'JACINTO LARA NORTE I', 465),
(1213, 'JACINTO LARA NORTE II', 465),
(1214, 'JACINTO LARA: 5 DE MARZO', 465),
(1215, 'JARRA DE FLORES', 465),
(1216, 'JOAQUIN CRESPO', 465),
(1217, 'JOSE AMADO RIVERO', 465),
(1218, 'JOSE AMARO RIVERO', 465),
(1219, 'JOSE ANTONIO PAEZ', 465),
(1220, 'JOSE FELIX RIBAS', 465),
(1221, 'JOSE GREGORIO AGUIAR', 465),
(1222, 'JOSE GREGORIO BASTIDAS', 465),
(1223, 'JOSE GREGORIO HERNANDEZ', 465),
(1224, 'JOSE MARIA VARGAS', 465),
(1225, 'JUAN MOGOLLON', 465),
(1226, 'JUAN MOGOLLON Y LOS ROSALES', 465),
(1227, 'Juan Mogollon', 465),
(1228, 'KM 18. VIA QUIBOR', 465),
(1229, 'LA AGUADA', 465),
(1230, 'LA ALDEANA', 465),
(1231, 'LA ALFARERIA', 465),
(1232, 'LA ANTENA', 465),
(1233, 'LA APOSTOLEÑA', 465),
(1234, 'LA ARBOLEDA', 465),
(1235, 'LA BATALLA', 465),
(1236, 'LA BATALLA  4A', 465),
(1237, 'LA BATALLA 1A', 465),
(1238, 'LA BATALLA 1B-4B', 465),
(1239, 'LA BATALLA 2', 465),
(1240, 'LA BATALLA 4A', 465),
(1241, 'LA BATALLA 5', 465),
(1242, 'LA BENDICION DE DIOS', 465),
(1243, 'LA BOVEDA', 465),
(1244, 'LA BULLONERA', 465),
(1245, 'LA CALIFORNIA', 465),
(1246, 'LA CAPILLA', 465),
(1247, 'LA CARABINERA', 465),
(1248, 'LA CAÑADA', 465),
(1249, 'LA CHATA', 465),
(1250, 'LA CHOCOLATERA', 465),
(1251, 'LA CLARISTEÑA', 465),
(1252, 'LA CONCORDIA', 465),
(1253, 'LA CONCORDIA II', 465),
(1254, 'LA CONCORDIA III', 465),
(1255, 'LA CONEJERA', 465),
(1256, 'LA COSTA', 465),
(1257, 'LA CRUZ', 465),
(1258, 'LA CRUZ LAGUNITA', 465),
(1259, 'LA DEMOCRACIA', 465),
(1260, 'LA ERMITA', 465),
(1261, 'LA ESPERANZA', 465),
(1262, 'LA ESTRELLA', 465),
(1263, 'LA FE EN DIOS', 465),
(1264, 'LA FERIA', 465),
(1265, 'LA FILA', 465),
(1266, 'LA FLORESTA', 465),
(1267, 'LA FLORIDA', 465),
(1268, 'LA FORTALEZA', 465),
(1269, 'LA FUENTE', 465),
(1270, 'LA GALLERA', 465),
(1271, 'LA GRAN VICTORIA DEL 15', 465),
(1272, 'LA GRANJA', 465),
(1273, 'LA GUACHAFITA', 465),
(1274, 'LA GUADALUPE', 465),
(1275, 'LA GUZMANA EZEQUIEL ZAMORA', 465),
(1276, 'LA GUZMANA CARORA', 465),
(1277, 'LA HERMANDAD', 465),
(1278, 'LA INDEPENDENCIA 4 FEBRERO', 465),
(1279, 'LA ISLA', 465),
(1280, 'LA LAGUNA', 465),
(1281, 'LA LAGUNA EL JEBE', 465),
(1282, 'LA LAGUNITA', 465),
(1283, 'LA LIBERTAD', 465),
(1284, 'LA LIBERTAD MAISANTA', 465),
(1285, 'LA LUCHA', 465),
(1286, 'LA LUCHA 2', 465),
(1287, 'LA LUCHA PARTE ALTA', 465),
(1288, 'LA MANGA', 465),
(1289, 'LA MANGA EL MOLINO', 465),
(1290, 'LA MATA', 465),
(1291, 'LA MIEL', 465),
(1292, 'LA MILAGROSA', 465),
(1293, 'LA MONTAÑA', 465),
(1294, 'LA MONTAÑITA', 465),
(1295, 'LA MORA', 465),
(1296, 'LA MUNICIPAL', 465),
(1297, 'LA NUEVA LUCHA', 465),
(1298, 'LA NUEVA VENEZUELA', 465),
(1299, 'LA ORQUIDEA', 465),
(1300, 'LA OTRA BANDA', 465),
(1301, 'LA PANCHERA', 465),
(1302, 'LA PASTORA', 465),
(1303, 'LA PASTORA DE TIN TIN', 465),
(1304, 'LA PASTORA MOROTURO', 465),
(1305, 'LA PEÑA', 465),
(1306, 'LA PEÑA SECTOR 1', 465),
(1307, 'LA PEÑA SECTOR 2', 465),
(1308, 'LA PEÑA SECTOR 3', 465),
(1309, 'LA PEÑA SECTOR II', 465),
(1310, 'LA PICA', 465),
(1311, 'LA PIMIENTA', 465),
(1312, 'LA PLAYA', 465),
(1313, 'LA PLAYA II', 465),
(1314, 'LA PLAYA III', 465),
(1315, 'LA PLAYA SANTA ISABEL', 465),
(1316, 'LA PRADERA', 465),
(1317, 'LA QUIBOREÑA', 465),
(1318, 'LA REPRESA', 465),
(1319, 'LA RINCONADA', 465),
(1320, 'LA ROSA', 465),
(1321, 'LA ROSALEDA', 465),
(1322, 'LA SABANA', 465),
(1323, 'LA TOMATERA', 465),
(1324, 'LA TRAVESIA', 465),
(1325, 'LA TRINIDAD', 465),
(1326, 'LA TRONADORA', 465),
(1327, 'LA TURIQUIA', 465),
(1328, 'LA VEGA', 465),
(1329, 'LA VEGUITA', 465),
(1330, 'LA VERITAS', 465),
(1331, 'LA VICTORIA', 465),
(1332, 'LA VIEREÑA', 465),
(1333, 'LA VOZ DEL PUEBLO', 465),
(1334, 'LA ZAMORANA', 465),
(1335, 'LA ZARANDA', 465),
(1336, 'LA ZONA', 465),
(1337, 'LAGOS VERDES', 465),
(1338, 'LAGUNITA EL ROBLE', 465),
(1339, 'LAGUNITA EL RUBIO', 465),
(1340, 'LAS  PARCELAS', 465),
(1341, 'LAS ACACIAS', 465),
(1342, 'LAS ACACIAS Y CARORITA', 465),
(1343, 'LAS AXAGUAS', 465),
(1344, 'LAS BASTIDAS', 465),
(1345, 'LAS CASITAS', 465),
(1346, 'LAS CLAVELLINAS', 465),
(1347, 'LAS COCIZAS', 465),
(1348, 'LAS COLINAS', 465),
(1349, 'LAS CUIBAS', 465),
(1350, 'LAS DELICIAS', 465),
(1351, 'LAS ESTACA', 465),
(1352, 'LAS JUANAS', 465),
(1353, 'LAS LAJITAS', 465),
(1354, 'LAS LLANADAS', 465),
(1355, 'LAS MALVINAS', 465),
(1356, 'LAS MATIAS', 465),
(1357, 'LAS MULAS', 465),
(1358, 'LAS NIEVES', 465),
(1359, 'LAS PALMITAS', 465),
(1360, 'LAS PARCELAS', 465),
(1361, 'LAS PLAYITAS', 465),
(1362, 'LAS ROSAS', 465),
(1363, 'LAS TINAJITAS', 465),
(1364, 'LAS TINAJITAS 2', 465),
(1365, 'LAS TINAJITAS EL PLAYON', 465),
(1366, 'LAS TINAJITAS LA COCHINERA', 465),
(1367, 'LAS TINAJITAS LOMA LINDA', 465),
(1368, 'LAS TINAJITAS LOS OVEJOS', 465),
(1369, 'LAS TINAJITAS SECTOR 3', 465),
(1370, 'LAS TINAJITAS SECTOR I', 465),
(1371, 'LAS TINAJITAS SECTOR III', 465),
(1372, 'LAS TINAJITAS SOLIDARIDAD BOLIVARIANA', 465),
(1373, 'LAS TUNAS', 465),
(1374, 'LAS VERAS', 465),
(1375, 'LAS VERITAS', 465),
(1376, 'LAS VERITAS DE UNION', 465),
(1377, 'LAS VIRGINIAS', 465),
(1378, 'LAS VUELTAS', 465),
(1379, 'LIMONCITO', 465),
(1380, 'LITO ARENAS', 465),
(1381, 'LLANO ALTO', 465),
(1382, 'LOMA CURIGUA', 465),
(1383, 'LOMAS COUNTRY', 465),
(1384, 'LOMAS DE LEON', 465),
(1385, 'LOMAS DE TABURE', 465),
(1386, 'LOMAS DE VIRGILIO SUAREZ', 465),
(1387, 'LOMAS VERDES', 465),
(1388, 'LOS ALGODONES', 465),
(1389, 'LOS ANGELES', 465),
(1390, 'LOS ARANGUEZ', 465),
(1391, 'LOS BUCARES', 465),
(1392, 'LOS CAMAGOS', 465),
(1393, 'LOS CEDROS', 465),
(1394, 'LOS CERRITOS', 465),
(1395, 'LOS CHIVOS', 465),
(1396, 'LOS CHUCOS', 465),
(1397, 'LOS COCHINOS', 465),
(1398, 'LOS COLMENAREZ', 465),
(1399, 'LOS COMPADRES', 465),
(1400, 'LOS EJIDOS', 465),
(1401, 'LOS GRANADOS', 465),
(1402, 'LOS JABILLOS', 465),
(1403, 'LOS JEBES', 465),
(1404, 'LOS LIBERTADORES', 465),
(1405, 'LOS LUISES', 465),
(1406, 'LOS MALAVARES', 465),
(1407, 'LOS MANGOS', 465),
(1408, 'LOS MANGOS II', 465),
(1409, 'LOS MEMBRILLOS', 465),
(1410, 'LOS MUCHUELOS', 465),
(1411, 'LOS NARANJILLOS', 465),
(1412, 'LOS NARANJOS', 465),
(1413, 'LOS OLICORES', 465),
(1414, 'LOS OLIVOS', 465),
(1415, 'LOS OLIVOS I', 465),
(1416, 'LOS OLIVOS II', 465),
(1417, 'LOS PINOS', 465),
(1418, 'LOS POCITOS', 465),
(1419, 'LOS POZONES', 465),
(1420, 'LOS QUEMAOS', 465),
(1421, 'LOS RASTROJOS', 465),
(1422, 'LOS RASTROJOS PADRE ULAR', 465),
(1423, 'LOS RATROJITOS', 465),
(1424, 'LOS RIACHUELOS', 465),
(1425, 'LOS ROBLES', 465),
(1426, 'LOS SAUCES', 465),
(1427, 'LOS TORRES', 465),
(1428, 'LOS TRES PALOS', 465),
(1429, 'LOS TULIPANES', 465),
(1430, 'LOS VENEZOLANOS PRIMERO', 465),
(1431, 'LOS VOLCANES', 465),
(1432, 'LOS WARAOS', 465),
(1433, 'LOTE 8', 465),
(1434, 'LOTE 10', 465),
(1435, 'LOTE 12', 465),
(1436, 'LUCHADORES POR LA PATRIA', 465),
(1437, 'LUIS HURTADO HIGUERA', 465),
(1438, 'LUISA CACERES DE ARISMENDI', 465),
(1439, 'MACIAS MUJICA', 465),
(1440, 'MACUTO', 465),
(1441, 'MACUTO CHAVEZ VIVE', 465),
(1442, 'MALECON', 465),
(1443, 'MAMA ROSA', 465),
(1444, 'MANGA VIEJA', 465),
(1445, 'MANO DE DIOS', 465),
(1446, 'MANOS DE DIOS', 465),
(1447, 'MANUELITA SAENZ', 465),
(1448, 'MANUELITA SAENZ - EL TEREQUE', 465),
(1449, 'MANZANITA', 465),
(1450, 'MAPORAL', 465),
(1451, 'MARIANO NAVARRO', 465),
(1452, 'MARIANO PERAZA', 465),
(1453, 'MATA REDONDA', 465),
(1454, 'MAURICIA DE GONZALEZ', 465),
(1455, 'MAXIMINO ROJAS', 465),
(1456, 'MCM', 465),
(1457, 'MILAGROSA', 465),
(1458, 'MOCUNDO', 465),
(1459, 'MOLINO SANTA MARIA', 465),
(1460, 'MONTE CARMELO', 465),
(1461, 'MORAN', 465),
(1462, 'MORON', 465),
(1463, 'MORROCOY', 465),
(1464, 'MOYETONES', 465),
(1465, 'MOYETONES I', 465),
(1466, 'MOYETONES SECTOR III', 465),
(1467, 'NATIVIDAD ALVARADO', 465),
(1468, 'NAZARETH', 465),
(1469, 'NEGRA HIPOLITA', 465),
(1470, 'NEGRO PRIMERO', 465),
(1471, 'NONAVANA', 465),
(1472, 'NUEVA ESPERANZA', 465),
(1473, 'NUEVA ESPERANZA II', 465),
(1474, 'NUEVA PAZ', 465),
(1475, 'NUEVA VISION II', 465),
(1476, 'NUEVO', 465),
(1477, 'NUEVO AMANECER', 465),
(1478, 'NUEVO AMANECER II', 465),
(1479, 'NUEVO BARRIO', 465),
(1480, 'NUEVO RENACER', 465),
(1481, 'OTRA BANDA', 465),
(1482, 'PABLO SUAREZ', 465),
(1483, 'PADRE DIEGO', 465),
(1484, 'PALAFITOS', 465),
(1485, 'PALAFITOS PARCELA N°73', 465),
(1486, 'PALENQUE ABAJO GUAYABAL', 465),
(1487, 'PALERMO', 465),
(1488, 'PALMA REAL', 465),
(1489, 'PALMA SOLA', 465),
(1490, 'PALO VERDE', 465),
(1491, 'PALO VERDE Y ROSALERA', 465),
(1492, 'PAMPANITO', 465),
(1493, 'PAMPERO NORTE', 465),
(1494, 'PARAPARA', 465),
(1495, 'PARCELAMIENTO EL DESPERTAR', 465),
(1496, 'PARCELAMIENTO SARARE', 465),
(1497, 'PASO DE TACARIGUA', 465),
(1498, 'PATIO COLORADO', 465),
(1499, 'PATRIOTA', 465),
(1500, 'PAVIA', 465),
(1501, 'PAVIA ABAJO', 465),
(1502, 'PAVIA EL YABALITO', 465),
(1503, 'PAVIA ENRIQUE ALVARADO', 465),
(1504, 'PAVIA JOSE FAUSTINO', 465),
(1505, 'PAVIA LA ORQUIDEA', 465),
(1506, 'PAVIA LAS TRIANAS', 465),
(1507, 'PAVIA LOS ROSALES', 465),
(1508, 'PAVIA SANTA TERESA', 465),
(1509, 'PAVIA TRIANAS 2', 465),
(1510, 'PEPE COLOMA', 465),
(1511, 'PEPI MONTES DE OCA', 465),
(1512, 'PERARAPA', 465),
(1513, 'PIEDAD', 465),
(1514, 'PIEDAD NORTE', 465),
(1515, 'PIEDAD SUR', 465),
(1516, 'PIEDRAS BLANCAS', 465),
(1517, 'PILA DE MONTEZUMA', 465),
(1518, 'PILA DE MONTEZUMA II', 465),
(1519, 'PLAN CAFÉ', 465),
(1520, 'PLAYA BONITA', 465),
(1521, 'PLAYA MARIN', 465),
(1522, 'PORTACHUELO', 465),
(1523, 'PORTON DEL CIELO', 465),
(1524, 'PORTON PESADO', 465),
(1525, 'POTRERITO', 465),
(1526, 'POTRERITO Y LOMAS VERDES', 465),
(1527, 'POTRERO', 465),
(1528, 'POTRERO I', 465),
(1529, 'POTRERO II', 465),
(1530, 'POZO AZUL', 465),
(1531, 'PRADOS DE LAS VERITAS', 465),
(1532, 'PRADOS DE OCCIDENTE', 465),
(1533, 'PRADOS DE OCCIDENTE II', 465),
(1534, 'PRADOS DEL NORTE', 465),
(1535, 'PRADOS DEL NORTE I', 465),
(1536, 'PRADOS DEL NORTE II', 465),
(1537, 'PRADOS VERDES', 465),
(1538, 'PROPATRIA', 465),
(1539, 'PUEBLO ABAJO', 465),
(1540, 'PUEBLO APARTE', 465),
(1541, 'PUEBLO ARRIBA', 465),
(1542, 'PUEBLO NUEVO', 465),
(1543, 'PUENTE TORRES', 465),
(1544, 'PUERTA DE LOS ANDES', 465),
(1545, 'PUERTAS DEL CIELO', 465),
(1546, 'QUEBRADA ARRIBA', 465),
(1547, 'QUEBRADA HONDA', 465),
(1548, 'QUEBRADA NEGRA', 465),
(1549, 'QUEBRADA SECA', 465),
(1550, 'QUEBRADA SECA II', 465),
(1551, 'QUEBRAHACHO', 465),
(1552, 'QUIBOR CENTRO', 465),
(1553, 'RAFAEL LINAREZ', 465),
(1554, 'RAFAEL MONTES DE OCA', 465),
(1555, 'RAICES CAROREÑAS', 465),
(1556, 'RANCHO GRANDE', 465),
(1557, 'RANCHO VERDE', 465),
(1558, 'RASTROJITO', 465),
(1559, 'RASTROJITO CENTRO', 465),
(1560, 'REINALDO MARTINEZ', 465),
(1561, 'RELUCIENTE DE CUBIRO', 465),
(1562, 'RENACER CREPUSCULAR', 465),
(1563, 'RETEN ABAJO', 465),
(1564, 'RETEN ARRIBA', 465),
(1565, 'RIO CLARO', 465),
(1566, 'ROBERTO MONTESINOS', 465),
(1567, 'ROBLE VIEJO', 465),
(1568, 'ROMERAL', 465),
(1569, 'ROMERAL III', 465),
(1570, 'ROMULO BETANCOURT', 465),
(1571, 'ROMULO GALLEGOS CARORITA', 465),
(1572, 'RORAIMA', 465),
(1573, 'ROTARIA', 465),
(1574, 'RUEZGA NORTE', 465),
(1575, 'RUIZ PINEDA', 465),
(1576, 'RUIZ PINEDA 2', 465),
(1577, 'RUIZ PINEDA I', 465),
(1578, 'S. DE LA ARENA/V. YAY', 465),
(1579, 'SABANA ALTA', 465),
(1580, 'SABANA DEL CORTIJO', 465),
(1581, 'SABANA GRANDE', 465),
(1582, 'SABANA GRANDE CENTRAL', 465),
(1583, 'SABANA GRANDE SECTOR SAN ANTONIO', 465),
(1584, 'SABANETA', 465),
(1585, 'SAINO', 465),
(1586, 'SAN ANTONIO', 465),
(1587, 'SAN ANTONIO DE LAS TUNAS', 465),
(1588, 'SAN BENITO', 465),
(1589, 'SAN FRANCISCO', 465),
(1590, 'SAN JACINTO', 465),
(1591, 'SAN JOSE', 465),
(1592, 'SAN JOSE DE QUIBOR', 465),
(1593, 'SAN JOSE DE TIN TIN', 465),
(1594, 'SAN JOSE DEL PALMAR', 465),
(1595, 'SAN JOSE OBRERO', 465),
(1596, 'SAN JOSE OBRERO 1', 465),
(1597, 'SAN JOSE OBRERO 2', 465),
(1598, 'SAN JUAN', 465),
(1599, 'SAN LORENZO', 465),
(1600, 'SAN MARTIN DE PORRAS', 465),
(1601, 'SAN MATEO', 465),
(1602, 'SAN MIGUEL', 465),
(1603, 'SAN MIGUEL ARCANGEL', 465),
(1604, 'SAN MIGUEL RIO TURBIO', 465),
(1605, 'SAN PEDRITO', 465),
(1606, 'SAN RAFAEL', 465),
(1607, 'SAN VALENTIN', 465),
(1608, 'SAN VICENTE', 465),
(1609, 'SANARE', 465),
(1610, 'SANTA ANA', 465),
(1611, 'SANTA BARBARA', 465),
(1612, 'SANTA BARBARA CARORA', 465),
(1613, 'SANTA EDUVIGES', 465),
(1614, 'SANTA INES MAPARARI', 465),
(1615, 'SANTA ISABEL', 465),
(1616, 'SANTA MONICA', 465),
(1617, 'SANTA RITA', 465),
(1618, 'SANTA RITA NORTE', 465),
(1619, 'SANTA RITA(1)', 465),
(1620, 'SANTA ROSA', 465),
(1621, 'SANTA ROSALIA', 465),
(1622, 'SANTA ROSALIA EL TRIGAL', 465),
(1623, 'SANTA ROSALIA EL BICENTENARIO', 465),
(1624, 'SANTA ROSALIA EL TRIGAL I', 465),
(1625, 'SANTA ROSALIA EL TRIGAL II', 465),
(1626, 'SANTA ROSALIA INDEPENDENCIA SECTOR 3', 465),
(1627, 'SANTA ROSALIA LA ESPERANZA', 465),
(1628, 'SANTA ROSALIA LAS COLINAS DE ANA SOTO', 465),
(1629, 'SANTA ROSALIA SECTOR I', 465),
(1630, 'SANTA ROSALIA TEXUS DE LARA', 465),
(1631, 'SANTA ROSALIA TIERRA PROMETIDA', 465),
(1632, 'SANTA ROSALIA TRIGAL I Y COLINAS', 465),
(1633, 'SANTA ROSALIA VILLA ISABEL', 465),
(1634, 'SANTO DOMINGO', 465),
(1635, 'SANTO LUSARDO', 465),
(1636, 'SC. EL POTRERO', 465),
(1637, 'SEC. LA GLORIETA', 465),
(1638, 'SECTOR EL ROBLE', 465),
(1639, 'SECTOR HUGO CHAVEZ', 465),
(1640, 'SECTOR LA ISLA ALTAGRACIA', 465),
(1641, 'SECTOR LA VIRGEN', 465),
(1642, 'SECTOR LOS CLAVELES', 465),
(1643, 'SECTOR PLAYA MARIN CALLE PRINCIPAL', 465),
(1644, 'SECTOR RUEZGA SUR', 465),
(1645, 'SECTORES AISLADOS', 465),
(1646, 'SECTORES VARIOS', 465),
(1647, 'SEMINARIO', 465),
(1648, 'SHEKINA', 465),
(1649, 'SICARE', 465),
(1650, 'SIMON BOLIVAR', 465),
(1651, 'SIMON BOLIVAR PAVIA', 465),
(1652, 'SIMON RODRIGUEZ', 465),
(1653, 'SIMON RODRIGUEZ (SIMONCITO)', 465),
(1654, 'SIMON RODRIGUEZ A', 465),
(1655, 'SIMON RODRIGUEZ I', 465),
(1656, 'SIMON VIRGUEZ', 465),
(1657, 'SIMÓN RODRIGUEZ', 465),
(1658, 'SOL DEL OESTE', 465),
(1659, 'SORFINA BRITO', 465),
(1660, 'SUEÑO BOLIVARIANO', 465),
(1661, 'Sector la Virgen', 465),
(1662, 'TACARIGUA AGUA SANTA', 465),
(1663, 'TAMACA CENTRO', 465),
(1664, 'TAMAQUITA', 465),
(1665, 'TAMARINDO', 465),
(1666, 'TAPA DE PIEDRA', 465),
(1667, 'TARABANA', 465),
(1668, 'TARABANA II', 465),
(1669, 'TEODORO DE DIAZ', 465),
(1670, 'TERRAZAS VERDES', 465),
(1671, 'TIERRA DE CHE GUEVARA', 465),
(1672, 'TIERRA DE LOSA', 465),
(1673, 'TIERRA DE LOSA I', 465),
(1674, 'TIERRA NEGRA', 465),
(1675, 'TIERRA NEGRA CASCO CENTRAL 1', 465),
(1676, 'TIERRA PROMETIDA', 465),
(1677, 'TIERRA PROMETIDA II', 465),
(1678, 'TIMONAL', 465),
(1679, 'TINAJITAS I', 465),
(1680, 'TINAJITAS LOMAS LINDAS SECTOR 3', 465),
(1681, 'TINTORERO', 465),
(1682, 'TOCUYO', 465),
(1683, 'TODAS', 465),
(1684, 'TOSTAO 2', 465),
(1685, 'TRIGALPA', 465),
(1686, 'TRINITARIAS DEL OESTE', 465),
(1687, 'TRINITARIAS II', 465),
(1688, 'TUNA DE VACA', 465),
(1689, 'TUNAS', 465),
(1690, 'URB CABO JOSE DORANTE', 465),
(1691, 'URB. ERNESTO CHE GUEVARA', 465),
(1692, 'URB. HUGO CHAVEZ FRIAS VILLA PRODUCTIVA', 465),
(1693, 'URB. JOSE FELIX RIVAS', 465),
(1694, 'URB. LUIS JONAS REYES', 465),
(1695, 'URB. NUBIA', 465),
(1696, 'URB. ROMULO BETANCOURT III', 465),
(1697, 'URBANIZACION TEREPAIMA', 465),
(1698, 'URIBANA NORTE', 465),
(1699, 'URIBANA SECTOR LA GRANJA', 465),
(1700, 'USERA', 465),
(1701, 'UVA II', 465),
(1702, 'VALLE ALTO', 465),
(1703, 'VALLE BERMEJO', 465),
(1704, 'VALLE CAMPESTRE', 465),
(1705, 'VALLE CAMPESTRE LA MORA', 465),
(1706, 'VALLE DORADO', 465),
(1707, 'VALLE LINDO', 465),
(1708, 'VALLE LINDO I', 465),
(1709, 'VALLE LINDO II', 465),
(1710, 'VALLE VERDE', 465),
(1711, 'VALLECITO', 465),
(1712, 'VALLECITO ALTO', 465),
(1713, 'VALLECITO OESTE', 465),
(1714, 'VALLES DE ALI PRIMERA', 465),
(1715, 'VALLES DE CHAVEZ', 465),
(1716, 'VALLES DE GUAMACIRE', 465),
(1717, 'VALLES DE URIBANA', 465),
(1718, 'VALLES DEL MAMON', 465),
(1719, 'VALLES DEL SOL', 465),
(1720, 'VALVANERA', 465),
(1721, 'VEGAS DE SAN ANTONIO', 465),
(1722, 'VEGOTE', 465),
(1723, 'VERAGACHA', 465),
(1724, 'VERAGACHA LOMAS DE SAN ISIDRO', 465),
(1725, 'VIA BOBARE', 465),
(1726, 'VIA EL STADIUM', 465),
(1727, 'VIA SABANA GRANDE', 465),
(1728, 'VICENTE RIVERO', 465),
(1729, 'VIEJA LUCHA', 465),
(1730, 'VILLA ALTAGRACIA', 465),
(1731, 'VILLA BARQUISIMETO', 465),
(1732, 'VILLA CAMPESTRE', 465),
(1733, 'VILLA CREPUSCULAR', 465),
(1734, 'VILLA DE JESUS', 465),
(1735, 'VILLA DE NAZARENO', 465),
(1736, 'VILLA DEL SOL', 465),
(1737, 'VILLA ESPERANZA', 465),
(1738, 'VILLA JUANA', 465),
(1739, 'VILLA LARENSE', 465),
(1740, 'VILLA MANANTIAL', 465),
(1741, 'VILLA MURACHI', 465),
(1742, 'VILLA PRODUCTIVA', 465),
(1743, 'VILLA QUIBURE', 465),
(1744, 'VILLA TORRES', 465),
(1745, 'VILLA TURQUESA', 465),
(1746, 'VILLA VARIQUISIMETO', 465),
(1747, 'VILLAS DE CANAAN', 465),
(1748, 'VILLAS DE NAZARENO', 465),
(1749, 'VIRGEN DEL CARMEN', 465),
(1750, 'VOZ DE LARA', 465),
(1751, 'YACAMBU', 465),
(1752, 'YACURAL', 465),
(1753, 'YOGORE', 465),
(1754, 'ZAMURO', 465),
(1755, 'ZANJON BARRERA', 465),
(1756, 'ZULEIMA MELENDEZ', 465);

-- --------------------------------------------------------

--
-- Estructura de tabla para la tabla `datos_de_construccion`
--

CREATE TABLE `datos_de_construccion` (
  `id_construccion` int(11) NOT NULL,
  `id_beneficiario` int(11) NOT NULL,
  `acondicionamiento` float DEFAULT NULL,
  `limpieza` float DEFAULT NULL,
  `replanteo` float DEFAULT NULL,
  `fundacion` float DEFAULT NULL,
  `excavacion` float DEFAULT NULL,
  `acero_vigas_riostra` float DEFAULT NULL,
  `encofrado_malla` float DEFAULT NULL,
  `instalaciones_electricas_sanitarias` float DEFAULT NULL,
  `vaciado_losa_anclajes` float DEFAULT NULL,
  `estructura` float DEFAULT NULL,
  `armado_columnas` float DEFAULT NULL,
  `vaciado_columnas` float DEFAULT NULL,
  `armado_vigas` float DEFAULT NULL,
  `vaciado_vigas` float DEFAULT NULL,
  `cerramiento` float DEFAULT NULL,
  `bloqueado` float DEFAULT NULL,
  `colocacion_correas` float DEFAULT NULL,
  `colocacion_techo` float DEFAULT NULL,
  `acabado` float DEFAULT NULL,
  `colocacion_ventanas` float DEFAULT NULL,
  `colocacion_puertas_principales` float DEFAULT NULL,
  `instalaciones_electricas_sanitarias_paredes` float DEFAULT NULL,
  `frisos` float DEFAULT NULL,
  `sobrepiso` float DEFAULT NULL,
  `ceramica_bano` float DEFAULT NULL,
  `colocacion_puertas_internas` float DEFAULT NULL,
  `equipos_accesorios_electricos` float DEFAULT NULL,
  `equipos_accesorios_sanitarios` float DEFAULT NULL,
  `colocacion_lavaplatos` float DEFAULT NULL,
  `pintura` float DEFAULT NULL,
  `avance_fisico` float DEFAULT NULL,
  `fecha_culminacion` date DEFAULT NULL,
  `acta_entregada` int(3) DEFAULT NULL,
  `observaciones_responsables_control` text DEFAULT NULL,
  `observaciones_fiscalizadores` text DEFAULT NULL
) ENGINE=InnoDB DEFAULT CHARSET=utf8mb4 COLLATE=utf8mb4_general_ci;

--
-- Volcado de datos para la tabla `datos_de_construccion`
--

INSERT INTO `datos_de_construccion` (`id_construccion`, `id_beneficiario`, `acondicionamiento`, `limpieza`, `replanteo`, `fundacion`, `excavacion`, `acero_vigas_riostra`, `encofrado_malla`, `instalaciones_electricas_sanitarias`, `vaciado_losa_anclajes`, `estructura`, `armado_columnas`, `vaciado_columnas`, `armado_vigas`, `vaciado_vigas`, `cerramiento`, `bloqueado`, `colocacion_correas`, `colocacion_techo`, `acabado`, `colocacion_ventanas`, `colocacion_puertas_principales`, `instalaciones_electricas_sanitarias_paredes`, `frisos`, `sobrepiso`, `ceramica_bano`, `colocacion_puertas_internas`, `equipos_accesorios_electricos`, `equipos_accesorios_sanitarios`, `colocacion_lavaplatos`, `pintura`, `avance_fisico`, `fecha_culminacion`, `acta_entregada`, `observaciones_responsables_control`, `observaciones_fiscalizadores`) VALUES
(1, 1, 0, 100, 100, 100, 100, 100, 100, 100, 100, 100, 100, 100, 100, 100, 0, 100, 100, 100, 100, 0, 0, 0, 100, 0, 0, 0, 0, 0, 0, 100, 100, '2025-01-01', 1, '', ''),
(2, 2, 100, 0, 0, 0, 0, 0, 0, 0, 0, 0, 0, 0, 0, 0, 0, 0, 0, 0, 0, 0, 0, 0, 0, 0, 0, 0, 0, 0, 0, 0, 0, NULL, 0, '', ''),
(3, 3, 0, 100, 100, 100, 100, 100, 0, 100, 0, 100, 100, 100, 100, 100, 0, 0, 0, 0, 0, 0, 0, 0, 0, 0, 0, 0, 0, 0, 0, 0, 100, '2025-01-04', 0, '', ''),
(4, 4, 0, 0, 0, 0, 0, 0, 0, 0, 0, 0, 0, 0, 0, 0, 0, 0, 0, 0, 0, 0, 0, 0, 0, 0, 0, 0, 0, 0, 0, 0, 0, NULL, 0, '', ''),
(5, 8, NULL, NULL, NULL, NULL, NULL, NULL, NULL, NULL, NULL, NULL, NULL, NULL, NULL, NULL, NULL, NULL, NULL, NULL, NULL, NULL, NULL, NULL, NULL, NULL, NULL, NULL, NULL, NULL, NULL, NULL, NULL, NULL, NULL, NULL, NULL),
(6, 9, NULL, NULL, NULL, NULL, NULL, NULL, NULL, NULL, NULL, NULL, NULL, NULL, NULL, NULL, NULL, NULL, NULL, NULL, NULL, NULL, NULL, NULL, NULL, NULL, NULL, NULL, NULL, NULL, NULL, NULL, NULL, NULL, NULL, NULL, NULL);

-- --------------------------------------------------------

--
-- Estructura de tabla para la tabla `estados`
--

CREATE TABLE `estados` (
  `id_estado` int(11) NOT NULL,
  `estado` varchar(250) NOT NULL,
  `iso_3166-2` varchar(4) NOT NULL
) ENGINE=InnoDB DEFAULT CHARSET=utf8 COLLATE=utf8_general_ci;

--
-- Volcado de datos para la tabla `estados`
--

INSERT INTO `estados` (`id_estado`, `estado`, `iso_3166-2`) VALUES
(1, 'Amazonas', 'VE-X'),
(2, 'Anzoátegui', 'VE-B'),
(3, 'Apure', 'VE-C'),
(4, 'Aragua', 'VE-D'),
(5, 'Barinas', 'VE-E'),
(6, 'Bolívar', 'VE-F'),
(7, 'Carabobo', 'VE-G'),
(8, 'Cojedes', 'VE-H'),
(9, 'Delta Amacuro', 'VE-Y'),
(10, 'Falcón', 'VE-I'),
(11, 'Guárico', 'VE-J'),
(12, 'Lara', 'VE-K'),
(13, 'Mérida', 'VE-L'),
(14, 'Miranda', 'VE-M'),
(15, 'Monagas', 'VE-N'),
(16, 'Nueva Esparta', 'VE-O'),
(17, 'Portuguesa', 'VE-P'),
(18, 'Sucre', 'VE-R'),
(19, 'Táchira', 'VE-S'),
(20, 'Trujillo', 'VE-T'),
(21, 'La Guaira', 'VE-W'),
(22, 'Yaracuy', 'VE-U'),
(23, 'Zulia', 'VE-V'),
(24, 'Distrito Capital', 'VE-A'),
(25, 'Dependencias Federales', 'VE-Z');

-- --------------------------------------------------------

--
-- Estructura de tabla para la tabla `metodos_constructivos`
--

CREATE TABLE `metodos_constructivos` (
  `id_metodo` int(11) NOT NULL,
  `nomb_metodo` varchar(100) NOT NULL
) ENGINE=InnoDB DEFAULT CHARSET=utf8mb4 COLLATE=utf8mb4_general_ci;

--
-- Volcado de datos para la tabla `metodos_constructivos`
--

INSERT INTO `metodos_constructivos` (`id_metodo`, `nomb_metodo`) VALUES
(1, 'TRADICIONAL\r\n'),
(2, 'METALICA\r\n');

-- --------------------------------------------------------

--
-- Estructura de tabla para la tabla `modelos_constructivos`
--

CREATE TABLE `modelos_constructivos` (
  `id_modelo` int(11) NOT NULL,
  `nomb_modelo` varchar(100) NOT NULL
) ENGINE=InnoDB DEFAULT CHARSET=utf8mb4 COLLATE=utf8mb4_general_ci;

--
-- Volcado de datos para la tabla `modelos_constructivos`
--

INSERT INTO `modelos_constructivos` (`id_modelo`, `nomb_modelo`) VALUES
(1, 'PDVSA\r\n'),
(2, 'DUCOLSA\r\n'),
(3, 'URBANISMO\r\n');

-- --------------------------------------------------------

--
-- Estructura de tabla para la tabla `municipios`
--

CREATE TABLE `municipios` (
  `id_municipio` int(11) NOT NULL,
  `id_estado` int(11) NOT NULL,
  `municipio` varchar(100) NOT NULL
) ENGINE=InnoDB DEFAULT CHARSET=utf8 COLLATE=utf8_general_ci;

--
-- Volcado de datos para la tabla `municipios`
--

INSERT INTO `municipios` (`id_municipio`, `id_estado`, `municipio`) VALUES
(1, 1, 'Alto Orinoco'),
(2, 1, 'Atabapo'),
(3, 1, 'Atures'),
(4, 1, 'Autana'),
(5, 1, 'Manapiare'),
(6, 1, 'Maroa'),
(7, 1, 'Río Negro'),
(8, 2, 'Anaco'),
(9, 2, 'Aragua'),
(10, 2, 'Manuel Ezequiel Bruzual'),
(11, 2, 'Diego Bautista Urbaneja'),
(12, 2, 'Fernando Peñalver'),
(13, 2, 'Francisco Del Carmen Carvajal'),
(14, 2, 'General Sir Arthur McGregor'),
(15, 2, 'Guanta'),
(16, 2, 'Independencia'),
(17, 2, 'José Gregorio Monagas'),
(18, 2, 'Juan Antonio Sotillo'),
(19, 2, 'Juan Manuel Cajigal'),
(20, 2, 'Libertad'),
(21, 2, 'Francisco de Miranda'),
(22, 2, 'Pedro María Freites'),
(23, 2, 'Píritu'),
(24, 2, 'San José de Guanipa'),
(25, 2, 'San Juan de Capistrano'),
(26, 2, 'Santa Ana'),
(27, 2, 'Simón Bolívar'),
(28, 2, 'Simón Rodríguez'),
(29, 3, 'Achaguas'),
(30, 3, 'Biruaca'),
(31, 3, 'Muñóz'),
(32, 3, 'Páez'),
(33, 3, 'Pedro Camejo'),
(34, 3, 'Rómulo Gallegos'),
(35, 3, 'San Fernando'),
(36, 4, 'Atanasio Girardot'),
(37, 4, 'Bolívar'),
(38, 4, 'Camatagua'),
(39, 4, 'Francisco Linares Alcántara'),
(40, 4, 'José Ángel Lamas'),
(41, 4, 'José Félix Ribas'),
(42, 4, 'José Rafael Revenga'),
(43, 4, 'Libertador'),
(44, 4, 'Mario Briceño Iragorry'),
(45, 4, 'Ocumare de la Costa de Oro'),
(46, 4, 'San Casimiro'),
(47, 4, 'San Sebastián'),
(48, 4, 'Santiago Mariño'),
(49, 4, 'Santos Michelena'),
(50, 4, 'Sucre'),
(51, 4, 'Tovar'),
(52, 4, 'Urdaneta'),
(53, 4, 'Zamora'),
(54, 5, 'Alberto Arvelo Torrealba'),
(55, 5, 'Andrés Eloy Blanco'),
(56, 5, 'Antonio José de Sucre'),
(57, 5, 'Arismendi'),
(58, 5, 'Barinas'),
(59, 5, 'Bolívar'),
(60, 5, 'Cruz Paredes'),
(61, 5, 'Ezequiel Zamora'),
(62, 5, 'Obispos'),
(63, 5, 'Pedraza'),
(64, 5, 'Rojas'),
(65, 5, 'Sosa'),
(66, 6, 'Caroní'),
(67, 6, 'Cedeño'),
(68, 6, 'El Callao'),
(69, 6, 'Gran Sabana'),
(70, 6, 'Heres'),
(71, 6, 'Piar'),
(72, 6, 'Angostura (Raúl Leoni)'),
(73, 6, 'Roscio'),
(74, 6, 'Sifontes'),
(75, 6, 'Sucre'),
(76, 6, 'Padre Pedro Chien'),
(77, 7, 'Bejuma'),
(78, 7, 'Carlos Arvelo'),
(79, 7, 'Diego Ibarra'),
(80, 7, 'Guacara'),
(81, 7, 'Juan José Mora'),
(82, 7, 'Libertador'),
(83, 7, 'Los Guayos'),
(84, 7, 'Miranda'),
(85, 7, 'Montalbán'),
(86, 7, 'Naguanagua'),
(87, 7, 'Puerto Cabello'),
(88, 7, 'San Diego'),
(89, 7, 'San Joaquín'),
(90, 7, 'Valencia'),
(91, 8, 'Anzoátegui'),
(92, 8, 'Tinaquillo'),
(93, 8, 'Girardot'),
(94, 8, 'Lima Blanco'),
(95, 8, 'Pao de San Juan Bautista'),
(96, 8, 'Ricaurte'),
(97, 8, 'Rómulo Gallegos'),
(98, 8, 'San Carlos'),
(99, 8, 'Tinaco'),
(100, 9, 'Antonio Díaz'),
(101, 9, 'Casacoima'),
(102, 9, 'Pedernales'),
(103, 9, 'Tucupita'),
(104, 10, 'Acosta'),
(105, 10, 'Bolívar'),
(106, 10, 'Buchivacoa'),
(107, 10, 'Cacique Manaure'),
(108, 10, 'Carirubana'),
(109, 10, 'Colina'),
(110, 10, 'Dabajuro'),
(111, 10, 'Democracia'),
(112, 10, 'Falcón'),
(113, 10, 'Federación'),
(114, 10, 'Jacura'),
(115, 10, 'José Laurencio Silva'),
(116, 10, 'Los Taques'),
(117, 10, 'Mauroa'),
(118, 10, 'Miranda'),
(119, 10, 'Monseñor Iturriza'),
(120, 10, 'Palmasola'),
(121, 10, 'Petit'),
(122, 10, 'Píritu'),
(123, 10, 'San Francisco'),
(124, 10, 'Sucre'),
(125, 10, 'Tocópero'),
(126, 10, 'Unión'),
(127, 10, 'Urumaco'),
(128, 10, 'Zamora'),
(129, 11, 'Camaguán'),
(130, 11, 'Chaguaramas'),
(131, 11, 'El Socorro'),
(132, 11, 'José Félix Ribas'),
(133, 11, 'José Tadeo Monagas'),
(134, 11, 'Juan Germán Roscio'),
(135, 11, 'Julián Mellado'),
(136, 11, 'Las Mercedes'),
(137, 11, 'Leonardo Infante'),
(138, 11, 'Pedro Zaraza'),
(139, 11, 'Ortíz'),
(140, 11, 'San Gerónimo de Guayabal'),
(141, 11, 'San José de Guaribe'),
(142, 11, 'Santa María de Ipire'),
(143, 11, 'Sebastián Francisco de Miranda'),
(144, 12, 'Andrés Eloy Blanco'),
(145, 12, 'Crespo'),
(146, 12, 'Iribarren'),
(147, 12, 'Jiménez'),
(148, 12, 'Morán'),
(149, 12, 'Palavecino'),
(150, 12, 'Simón Planas'),
(151, 12, 'Torres'),
(152, 12, 'Urdaneta'),
(179, 13, 'Alberto Adriani'),
(180, 13, 'Andrés Bello'),
(181, 13, 'Antonio Pinto Salinas'),
(182, 13, 'Aricagua'),
(183, 13, 'Arzobispo Chacón'),
(184, 13, 'Campo Elías'),
(185, 13, 'Caracciolo Parra Olmedo'),
(186, 13, 'Cardenal Quintero'),
(187, 13, 'Guaraque'),
(188, 13, 'Julio César Salas'),
(189, 13, 'Justo Briceño'),
(190, 13, 'Libertador'),
(191, 13, 'Miranda'),
(192, 13, 'Obispo Ramos de Lora'),
(193, 13, 'Padre Noguera'),
(194, 13, 'Pueblo Llano'),
(195, 13, 'Rangel'),
(196, 13, 'Rivas Dávila'),
(197, 13, 'Santos Marquina'),
(198, 13, 'Sucre'),
(199, 13, 'Tovar'),
(200, 13, 'Tulio Febres Cordero'),
(201, 13, 'Zea'),
(223, 14, 'Acevedo'),
(224, 14, 'Andrés Bello'),
(225, 14, 'Baruta'),
(226, 14, 'Brión'),
(227, 14, 'Buroz'),
(228, 14, 'Carrizal'),
(229, 14, 'Chacao'),
(230, 14, 'Cristóbal Rojas'),
(231, 14, 'El Hatillo'),
(232, 14, 'Guaicaipuro'),
(233, 14, 'Independencia'),
(234, 14, 'Lander'),
(235, 14, 'Los Salias'),
(236, 14, 'Páez'),
(237, 14, 'Paz Castillo'),
(238, 14, 'Pedro Gual'),
(239, 14, 'Plaza'),
(240, 14, 'Simón Bolívar'),
(241, 14, 'Sucre'),
(242, 14, 'Urdaneta'),
(243, 14, 'Zamora'),
(258, 15, 'Acosta'),
(259, 15, 'Aguasay'),
(260, 15, 'Bolívar'),
(261, 15, 'Caripe'),
(262, 15, 'Cedeño'),
(263, 15, 'Ezequiel Zamora'),
(264, 15, 'Libertador'),
(265, 15, 'Maturín'),
(266, 15, 'Piar'),
(267, 15, 'Punceres'),
(268, 15, 'Santa Bárbara'),
(269, 15, 'Sotillo'),
(270, 15, 'Uracoa'),
(271, 16, 'Antolín del Campo'),
(272, 16, 'Arismendi'),
(273, 16, 'García'),
(274, 16, 'Gómez'),
(275, 16, 'Maneiro'),
(276, 16, 'Marcano'),
(277, 16, 'Mariño'),
(278, 16, 'Península de Macanao'),
(279, 16, 'Tubores'),
(280, 16, 'Villalba'),
(281, 16, 'Díaz'),
(282, 17, 'Agua Blanca'),
(283, 17, 'Araure'),
(284, 17, 'Esteller'),
(285, 17, 'Guanare'),
(286, 17, 'Guanarito'),
(287, 17, 'Monseñor José Vicente de Unda'),
(288, 17, 'Ospino'),
(289, 17, 'Páez'),
(290, 17, 'Papelón'),
(291, 17, 'San Genaro de Boconoíto'),
(292, 17, 'San Rafael de Onoto'),
(293, 17, 'Santa Rosalía'),
(294, 17, 'Sucre'),
(295, 17, 'Turén'),
(296, 18, 'Andrés Eloy Blanco'),
(297, 18, 'Andrés Mata'),
(298, 18, 'Arismendi'),
(299, 18, 'Benítez'),
(300, 18, 'Bermúdez'),
(301, 18, 'Bolívar'),
(302, 18, 'Cajigal'),
(303, 18, 'Cruz Salmerón Acosta'),
(304, 18, 'Libertador'),
(305, 18, 'Mariño'),
(306, 18, 'Mejía'),
(307, 18, 'Montes'),
(308, 18, 'Ribero'),
(309, 18, 'Sucre'),
(310, 18, 'Valdéz'),
(341, 19, 'Andrés Bello'),
(342, 19, 'Antonio Rómulo Costa'),
(343, 19, 'Ayacucho'),
(344, 19, 'Bolívar'),
(345, 19, 'Cárdenas'),
(346, 19, 'Córdoba'),
(347, 19, 'Fernández Feo'),
(348, 19, 'Francisco de Miranda'),
(349, 19, 'García de Hevia'),
(350, 19, 'Guásimos'),
(351, 19, 'Independencia'),
(352, 19, 'Jáuregui'),
(353, 19, 'José María Vargas'),
(354, 19, 'Junín'),
(355, 19, 'Libertad'),
(356, 19, 'Libertador'),
(357, 19, 'Lobatera'),
(358, 19, 'Michelena'),
(359, 19, 'Panamericano'),
(360, 19, 'Pedro María Ureña'),
(361, 19, 'Rafael Urdaneta'),
(362, 19, 'Samuel Darío Maldonado'),
(363, 19, 'San Cristóbal'),
(364, 19, 'Seboruco'),
(365, 19, 'Simón Rodríguez'),
(366, 19, 'Sucre'),
(367, 19, 'Torbes'),
(368, 19, 'Uribante'),
(369, 19, 'San Judas Tadeo'),
(370, 20, 'Andrés Bello'),
(371, 20, 'Boconó'),
(372, 20, 'Bolívar'),
(373, 20, 'Candelaria'),
(374, 20, 'Carache'),
(375, 20, 'Escuque'),
(376, 20, 'José Felipe Márquez Cañizalez'),
(377, 20, 'Juan Vicente Campos Elías'),
(378, 20, 'La Ceiba'),
(379, 20, 'Miranda'),
(380, 20, 'Monte Carmelo'),
(381, 20, 'Motatán'),
(382, 20, 'Pampán'),
(383, 20, 'Pampanito'),
(384, 20, 'Rafael Rangel'),
(385, 20, 'San Rafael de Carvajal'),
(386, 20, 'Sucre'),
(387, 20, 'Trujillo'),
(388, 20, 'Urdaneta'),
(389, 20, 'Valera'),
(390, 21, 'Vargas'),
(391, 22, 'Arístides Bastidas'),
(392, 22, 'Bolívar'),
(407, 22, 'Bruzual'),
(408, 22, 'Cocorote'),
(409, 22, 'Independencia'),
(410, 22, 'José Antonio Páez'),
(411, 22, 'La Trinidad'),
(412, 22, 'Manuel Monge'),
(413, 22, 'Nirgua'),
(414, 22, 'Peña'),
(415, 22, 'San Felipe'),
(416, 22, 'Sucre'),
(417, 22, 'Urachiche'),
(418, 22, 'José Joaquín Veroes'),
(441, 23, 'Almirante Padilla'),
(442, 23, 'Baralt'),
(443, 23, 'Cabimas'),
(444, 23, 'Catatumbo'),
(445, 23, 'Colón'),
(446, 23, 'Francisco Javier Pulgar'),
(447, 23, 'Páez'),
(448, 23, 'Jesús Enrique Losada'),
(449, 23, 'Jesús María Semprún'),
(450, 23, 'La Cañada de Urdaneta'),
(451, 23, 'Lagunillas'),
(452, 23, 'Machiques de Perijá'),
(453, 23, 'Mara'),
(454, 23, 'Maracaibo'),
(455, 23, 'Miranda'),
(456, 23, 'Rosario de Perijá'),
(457, 23, 'San Francisco'),
(458, 23, 'Santa Rita'),
(459, 23, 'Simón Bolívar'),
(460, 23, 'Sucre'),
(461, 23, 'Valmore Rodríguez'),
(462, 24, 'Libertador');

-- --------------------------------------------------------

--
-- Estructura de tabla para la tabla `parroquias`
--

CREATE TABLE `parroquias` (
  `id_parroquia` int(11) NOT NULL,
  `id_municipio` int(11) NOT NULL,
  `parroquia` varchar(250) NOT NULL
) ENGINE=InnoDB DEFAULT CHARSET=utf8 COLLATE=utf8_general_ci;

--
-- Volcado de datos para la tabla `parroquias`
--

INSERT INTO `parroquias` (`id_parroquia`, `id_municipio`, `parroquia`) VALUES
(1, 1, 'Alto Orinoco'),
(2, 1, 'Huachamacare Acanaña'),
(3, 1, 'Marawaka Toky Shamanaña'),
(4, 1, 'Mavaka Mavaka'),
(5, 1, 'Sierra Parima Parimabé'),
(6, 2, 'Ucata Laja Lisa'),
(7, 2, 'Yapacana Macuruco'),
(8, 2, 'Caname Guarinuma'),
(9, 3, 'Fernando Girón Tovar'),
(10, 3, 'Luis Alberto Gómez'),
(11, 3, 'Pahueña Limón de Parhueña'),
(12, 3, 'Platanillal Platanillal'),
(13, 4, 'Samariapo'),
(14, 4, 'Sipapo'),
(15, 4, 'Munduapo'),
(16, 4, 'Guayapo'),
(17, 5, 'Alto Ventuari'),
(18, 5, 'Medio Ventuari'),
(19, 5, 'Bajo Ventuari'),
(20, 6, 'Victorino'),
(21, 6, 'Comunidad'),
(22, 7, 'Casiquiare'),
(23, 7, 'Cocuy'),
(24, 7, 'San Carlos de Río Negro'),
(25, 7, 'Solano'),
(26, 8, 'Anaco'),
(27, 8, 'San Joaquín'),
(28, 9, 'Cachipo'),
(29, 9, 'Aragua de Barcelona'),
(30, 11, 'Lechería'),
(31, 11, 'El Morro'),
(32, 12, 'Puerto Píritu'),
(33, 12, 'San Miguel'),
(34, 12, 'Sucre'),
(35, 13, 'Valle de Guanape'),
(36, 13, 'Santa Bárbara'),
(37, 14, 'El Chaparro'),
(38, 14, 'Tomás Alfaro'),
(39, 14, 'Calatrava'),
(40, 15, 'Guanta'),
(41, 15, 'Chorrerón'),
(42, 16, 'Mamo'),
(43, 16, 'Soledad'),
(44, 17, 'Mapire'),
(45, 17, 'Piar'),
(46, 17, 'Santa Clara'),
(47, 17, 'San Diego de Cabrutica'),
(48, 17, 'Uverito'),
(49, 17, 'Zuata'),
(50, 18, 'Puerto La Cruz'),
(51, 18, 'Pozuelos'),
(52, 19, 'Onoto'),
(53, 19, 'San Pablo'),
(54, 20, 'San Mateo'),
(55, 20, 'El Carito'),
(56, 20, 'Santa Inés'),
(57, 20, 'La Romereña'),
(58, 21, 'Atapirire'),
(59, 21, 'Boca del Pao'),
(60, 21, 'El Pao'),
(61, 21, 'Pariaguán'),
(62, 22, 'Cantaura'),
(63, 22, 'Libertador'),
(64, 22, 'Santa Rosa'),
(65, 22, 'Urica'),
(66, 23, 'Píritu'),
(67, 23, 'San Francisco'),
(68, 24, 'San José de Guanipa'),
(69, 25, 'Boca de Uchire'),
(70, 25, 'Boca de Chávez'),
(71, 26, 'Pueblo Nuevo'),
(72, 26, 'Santa Ana'),
(73, 27, 'Bergantín'),
(74, 27, 'Caigua'),
(75, 27, 'El Carmen'),
(76, 27, 'El Pilar'),
(77, 27, 'Naricual'),
(78, 27, 'San Crsitóbal'),
(79, 28, 'Edmundo Barrios'),
(80, 28, 'Miguel Otero Silva'),
(81, 29, 'Achaguas'),
(82, 29, 'Apurito'),
(83, 29, 'El Yagual'),
(84, 29, 'Guachara'),
(85, 29, 'Mucuritas'),
(86, 29, 'Queseras del medio'),
(87, 30, 'Biruaca'),
(88, 31, 'Bruzual'),
(89, 31, 'Mantecal'),
(90, 31, 'Quintero'),
(91, 31, 'Rincón Hondo'),
(92, 31, 'San Vicente'),
(93, 32, 'Guasdualito'),
(94, 32, 'Aramendi'),
(95, 32, 'El Amparo'),
(96, 32, 'San Camilo'),
(97, 32, 'Urdaneta'),
(98, 33, 'San Juan de Payara'),
(99, 33, 'Codazzi'),
(100, 33, 'Cunaviche'),
(101, 34, 'Elorza'),
(102, 34, 'La Trinidad'),
(103, 35, 'San Fernando'),
(104, 35, 'El Recreo'),
(105, 35, 'Peñalver'),
(106, 35, 'San Rafael de Atamaica'),
(107, 36, 'Pedro José Ovalles'),
(108, 36, 'Joaquín Crespo'),
(109, 36, 'José Casanova Godoy'),
(110, 36, 'Madre María de San José'),
(111, 36, 'Andrés Eloy Blanco'),
(112, 36, 'Los Tacarigua'),
(113, 36, 'Las Delicias'),
(114, 36, 'Choroní'),
(115, 37, 'Bolívar'),
(116, 38, 'Camatagua'),
(117, 38, 'Carmen de Cura'),
(118, 39, 'Santa Rita'),
(119, 39, 'Francisco de Miranda'),
(120, 39, 'Moseñor Feliciano González'),
(121, 40, 'Santa Cruz'),
(122, 41, 'José Félix Ribas'),
(123, 41, 'Castor Nieves Ríos'),
(124, 41, 'Las Guacamayas'),
(125, 41, 'Pao de Zárate'),
(126, 41, 'Zuata'),
(127, 42, 'José Rafael Revenga'),
(128, 43, 'Palo Negro'),
(129, 43, 'San Martín de Porres'),
(130, 44, 'El Limón'),
(131, 44, 'Caña de Azúcar'),
(132, 45, 'Ocumare de la Costa'),
(133, 46, 'San Casimiro'),
(134, 46, 'Güiripa'),
(135, 46, 'Ollas de Caramacate'),
(136, 46, 'Valle Morín'),
(137, 47, 'San Sebastían'),
(138, 48, 'Turmero'),
(139, 48, 'Arevalo Aponte'),
(140, 48, 'Chuao'),
(141, 48, 'Samán de Güere'),
(142, 48, 'Alfredo Pacheco Miranda'),
(143, 49, 'Santos Michelena'),
(144, 49, 'Tiara'),
(145, 50, 'Cagua'),
(146, 50, 'Bella Vista'),
(147, 51, 'Tovar'),
(148, 52, 'Urdaneta'),
(149, 52, 'Las Peñitas'),
(150, 52, 'San Francisco de Cara'),
(151, 52, 'Taguay'),
(152, 53, 'Zamora'),
(153, 53, 'Magdaleno'),
(154, 53, 'San Francisco de Asís'),
(155, 53, 'Valles de Tucutunemo'),
(156, 53, 'Augusto Mijares'),
(157, 54, 'Sabaneta'),
(158, 54, 'Juan Antonio Rodríguez Domínguez'),
(159, 55, 'El Cantón'),
(160, 55, 'Santa Cruz de Guacas'),
(161, 55, 'Puerto Vivas'),
(162, 56, 'Ticoporo'),
(163, 56, 'Nicolás Pulido'),
(164, 56, 'Andrés Bello'),
(165, 57, 'Arismendi'),
(166, 57, 'Guadarrama'),
(167, 57, 'La Unión'),
(168, 57, 'San Antonio'),
(169, 58, 'Barinas'),
(170, 58, 'Alberto Arvelo Larriva'),
(171, 58, 'San Silvestre'),
(172, 58, 'Santa Inés'),
(173, 58, 'Santa Lucía'),
(174, 58, 'Torumos'),
(175, 58, 'El Carmen'),
(176, 58, 'Rómulo Betancourt'),
(177, 58, 'Corazón de Jesús'),
(178, 58, 'Ramón Ignacio Méndez'),
(179, 58, 'Alto Barinas'),
(180, 58, 'Manuel Palacio Fajardo'),
(181, 58, 'Juan Antonio Rodríguez Domínguez'),
(182, 58, 'Dominga Ortiz de Páez'),
(183, 59, 'Barinitas'),
(184, 59, 'Altamira de Cáceres'),
(185, 59, 'Calderas'),
(186, 60, 'Barrancas'),
(187, 60, 'El Socorro'),
(188, 60, 'Mazparrito'),
(189, 61, 'Santa Bárbara'),
(190, 61, 'Pedro Briceño Méndez'),
(191, 61, 'Ramón Ignacio Méndez'),
(192, 61, 'José Ignacio del Pumar'),
(193, 62, 'Obispos'),
(194, 62, 'Guasimitos'),
(195, 62, 'El Real'),
(196, 62, 'La Luz'),
(197, 63, 'Ciudad Bolívia'),
(198, 63, 'José Ignacio Briceño'),
(199, 63, 'José Félix Ribas'),
(200, 63, 'Páez'),
(201, 64, 'Libertad'),
(202, 64, 'Dolores'),
(203, 64, 'Santa Rosa'),
(204, 64, 'Palacio Fajardo'),
(205, 65, 'Ciudad de Nutrias'),
(206, 65, 'El Regalo'),
(207, 65, 'Puerto Nutrias'),
(208, 65, 'Santa Catalina'),
(209, 66, 'Cachamay'),
(210, 66, 'Chirica'),
(211, 66, 'Dalla Costa'),
(212, 66, 'Once de Abril'),
(213, 66, 'Simón Bolívar'),
(214, 66, 'Unare'),
(215, 66, 'Universidad'),
(216, 66, 'Vista al Sol'),
(217, 66, 'Pozo Verde'),
(218, 66, 'Yocoima'),
(219, 66, '5 de Julio'),
(220, 67, 'Cedeño'),
(221, 67, 'Altagracia'),
(222, 67, 'Ascensión Farreras'),
(223, 67, 'Guaniamo'),
(224, 67, 'La Urbana'),
(225, 67, 'Pijiguaos'),
(226, 68, 'El Callao'),
(227, 69, 'Gran Sabana'),
(228, 69, 'Ikabarú'),
(229, 70, 'Catedral'),
(230, 70, 'Zea'),
(231, 70, 'Orinoco'),
(232, 70, 'José Antonio Páez'),
(233, 70, 'Marhuanta'),
(234, 70, 'Agua Salada'),
(235, 70, 'Vista Hermosa'),
(236, 70, 'La Sabanita'),
(237, 70, 'Panapana'),
(238, 71, 'Andrés Eloy Blanco'),
(239, 71, 'Pedro Cova'),
(240, 72, 'Raúl Leoni'),
(241, 72, 'Barceloneta'),
(242, 72, 'Santa Bárbara'),
(243, 72, 'San Francisco'),
(244, 73, 'Roscio'),
(245, 73, 'Salóm'),
(246, 74, 'Sifontes'),
(247, 74, 'Dalla Costa'),
(248, 74, 'San Isidro'),
(249, 75, 'Sucre'),
(250, 75, 'Aripao'),
(251, 75, 'Guarataro'),
(252, 75, 'Las Majadas'),
(253, 75, 'Moitaco'),
(254, 76, 'Padre Pedro Chien'),
(255, 76, 'Río Grande'),
(256, 77, 'Bejuma'),
(257, 77, 'Canoabo'),
(258, 77, 'Simón Bolívar'),
(259, 78, 'Güigüe'),
(260, 78, 'Carabobo'),
(261, 78, 'Tacarigua'),
(262, 79, 'Mariara'),
(263, 79, 'Aguas Calientes'),
(264, 80, 'Ciudad Alianza'),
(265, 80, 'Guacara'),
(266, 80, 'Yagua'),
(267, 81, 'Morón'),
(268, 81, 'Yagua'),
(269, 82, 'Tocuyito'),
(270, 82, 'Independencia'),
(271, 83, 'Los Guayos'),
(272, 84, 'Miranda'),
(273, 85, 'Montalbán'),
(274, 86, 'Naguanagua'),
(275, 87, 'Bartolomé Salóm'),
(276, 87, 'Democracia'),
(277, 87, 'Fraternidad'),
(278, 87, 'Goaigoaza'),
(279, 87, 'Juan José Flores'),
(280, 87, 'Unión'),
(281, 87, 'Borburata'),
(282, 87, 'Patanemo'),
(283, 88, 'San Diego'),
(284, 89, 'San Joaquín'),
(285, 90, 'Candelaria'),
(286, 90, 'Catedral'),
(287, 90, 'El Socorro'),
(288, 90, 'Miguel Peña'),
(289, 90, 'Rafael Urdaneta'),
(290, 90, 'San Blas'),
(291, 90, 'San José'),
(292, 90, 'Santa Rosa'),
(293, 90, 'Negro Primero'),
(294, 91, 'Cojedes'),
(295, 91, 'Juan de Mata Suárez'),
(296, 92, 'Tinaquillo'),
(297, 93, 'El Baúl'),
(298, 93, 'Sucre'),
(299, 94, 'La Aguadita'),
(300, 94, 'Macapo'),
(301, 95, 'El Pao'),
(302, 96, 'El Amparo'),
(303, 96, 'Libertad de Cojedes'),
(304, 97, 'Rómulo Gallegos'),
(305, 98, 'San Carlos de Austria'),
(306, 98, 'Juan Ángel Bravo'),
(307, 98, 'Manuel Manrique'),
(308, 99, 'General en Jefe José Laurencio Silva'),
(309, 100, 'Curiapo'),
(310, 100, 'Almirante Luis Brión'),
(311, 100, 'Francisco Aniceto Lugo'),
(312, 100, 'Manuel Renaud'),
(313, 100, 'Padre Barral'),
(314, 100, 'Santos de Abelgas'),
(315, 101, 'Imataca'),
(316, 101, 'Cinco de Julio'),
(317, 101, 'Juan Bautista Arismendi'),
(318, 101, 'Manuel Piar'),
(319, 101, 'Rómulo Gallegos'),
(320, 102, 'Pedernales'),
(321, 102, 'Luis Beltrán Prieto Figueroa'),
(322, 103, 'San José (Delta Amacuro)'),
(323, 103, 'José Vidal Marcano'),
(324, 103, 'Juan Millán'),
(325, 103, 'Leonardo Ruíz Pineda'),
(326, 103, 'Mariscal Antonio José de Sucre'),
(327, 103, 'Monseñor Argimiro García'),
(328, 103, 'San Rafael (Delta Amacuro)'),
(329, 103, 'Virgen del Valle'),
(330, 10, 'Clarines'),
(331, 10, 'Guanape'),
(332, 10, 'Sabana de Uchire'),
(333, 104, 'Capadare'),
(334, 104, 'La Pastora'),
(335, 104, 'Libertador'),
(336, 104, 'San Juan de los Cayos'),
(337, 105, 'Aracua'),
(338, 105, 'La Peña'),
(339, 105, 'San Luis'),
(340, 106, 'Bariro'),
(341, 106, 'Borojó'),
(342, 106, 'Capatárida'),
(343, 106, 'Guajiro'),
(344, 106, 'Seque'),
(345, 106, 'Zazárida'),
(346, 106, 'Valle de Eroa'),
(347, 107, 'Cacique Manaure'),
(348, 108, 'Norte'),
(349, 108, 'Carirubana'),
(350, 108, 'Santa Ana'),
(351, 108, 'Urbana Punta Cardón'),
(352, 109, 'La Vela de Coro'),
(353, 109, 'Acurigua'),
(354, 109, 'Guaibacoa'),
(355, 109, 'Las Calderas'),
(356, 109, 'Macoruca'),
(357, 110, 'Dabajuro'),
(358, 111, 'Agua Clara'),
(359, 111, 'Avaria'),
(360, 111, 'Pedregal'),
(361, 111, 'Piedra Grande'),
(362, 111, 'Purureche'),
(363, 112, 'Adaure'),
(364, 112, 'Adícora'),
(365, 112, 'Baraived'),
(366, 112, 'Buena Vista'),
(367, 112, 'Jadacaquiva'),
(368, 112, 'El Vínculo'),
(369, 112, 'El Hato'),
(370, 112, 'Moruy'),
(371, 112, 'Pueblo Nuevo'),
(372, 113, 'Agua Larga'),
(373, 113, 'El Paují'),
(374, 113, 'Independencia'),
(375, 113, 'Mapararí'),
(376, 114, 'Agua Linda'),
(377, 114, 'Araurima'),
(378, 114, 'Jacura'),
(379, 115, 'Tucacas'),
(380, 115, 'Boca de Aroa'),
(381, 116, 'Los Taques'),
(382, 116, 'Judibana'),
(383, 117, 'Mene de Mauroa'),
(384, 117, 'San Félix'),
(385, 117, 'Casigua'),
(386, 118, 'Guzmán Guillermo'),
(387, 118, 'Mitare'),
(388, 118, 'Río Seco'),
(389, 118, 'Sabaneta'),
(390, 118, 'San Antonio'),
(391, 118, 'San Gabriel'),
(392, 118, 'Santa Ana'),
(393, 119, 'Boca del Tocuyo'),
(394, 119, 'Chichiriviche'),
(395, 119, 'Tocuyo de la Costa'),
(396, 120, 'Palmasola'),
(397, 121, 'Cabure'),
(398, 121, 'Colina'),
(399, 121, 'Curimagua'),
(400, 122, 'San José de la Costa'),
(401, 122, 'Píritu'),
(402, 123, 'San Francisco'),
(403, 124, 'Sucre'),
(404, 124, 'Pecaya'),
(405, 125, 'Tocópero'),
(406, 126, 'El Charal'),
(407, 126, 'Las Vegas del Tuy'),
(408, 126, 'Santa Cruz de Bucaral'),
(409, 127, 'Bruzual'),
(410, 127, 'Urumaco'),
(411, 128, 'Puerto Cumarebo'),
(412, 128, 'La Ciénaga'),
(413, 128, 'La Soledad'),
(414, 128, 'Pueblo Cumarebo'),
(415, 128, 'Zazárida'),
(416, 113, 'Churuguara'),
(417, 129, 'Camaguán'),
(418, 129, 'Puerto Miranda'),
(419, 129, 'Uverito'),
(420, 130, 'Chaguaramas'),
(421, 131, 'El Socorro'),
(422, 132, 'Tucupido'),
(423, 132, 'San Rafael de Laya'),
(424, 133, 'Altagracia de Orituco'),
(425, 133, 'San Rafael de Orituco'),
(426, 133, 'San Francisco Javier de Lezama'),
(427, 133, 'Paso Real de Macaira'),
(428, 133, 'Carlos Soublette'),
(429, 133, 'San Francisco de Macaira'),
(430, 133, 'Libertad de Orituco'),
(431, 134, 'Cantaclaro'),
(432, 134, 'San Juan de los Morros'),
(433, 134, 'Parapara'),
(434, 135, 'El Sombrero'),
(435, 135, 'Sosa'),
(436, 136, 'Las Mercedes'),
(437, 136, 'Cabruta'),
(438, 136, 'Santa Rita de Manapire'),
(439, 137, 'Valle de la Pascua'),
(440, 137, 'Espino'),
(441, 138, 'San José de Unare'),
(442, 138, 'Zaraza'),
(443, 139, 'San José de Tiznados'),
(444, 139, 'San Francisco de Tiznados'),
(445, 139, 'San Lorenzo de Tiznados'),
(446, 139, 'Ortiz'),
(447, 140, 'Guayabal'),
(448, 140, 'Cazorla'),
(449, 141, 'San José de Guaribe'),
(450, 141, 'Uveral'),
(451, 142, 'Santa María de Ipire'),
(452, 142, 'Altamira'),
(453, 143, 'El Calvario'),
(454, 143, 'El Rastro'),
(455, 143, 'Guardatinajas'),
(456, 143, 'Capital Urbana Calabozo'),
(457, 144, 'Quebrada Honda de Guache'),
(458, 144, 'Pío Tamayo'),
(459, 144, 'Yacambú'),
(460, 145, 'Fréitez'),
(461, 145, 'José María Blanco'),
(462, 146, 'Catedral'),
(463, 146, 'Concepción'),
(464, 146, 'El Cují'),
(465, 146, 'Guerrera Ana Soto'),
(466, 146, 'Santa Rosa'),
(467, 146, 'Tamaca'),
(468, 146, 'Unión'),
(469, 146, 'Aguedo Felipe Alvarado'),
(470, 146, 'Buena Vista'),
(471, 146, 'Juárez'),
(472, 147, 'Juan Bautista Rodríguez'),
(473, 147, 'Cuara'),
(474, 147, 'Diego de Lozada'),
(475, 147, 'Paraíso de San José'),
(476, 147, 'San Miguel'),
(477, 147, 'Tintorero'),
(478, 147, 'José Bernardo Dorante'),
(479, 147, 'Coronel Mariano Peraza '),
(480, 148, 'Bolívar'),
(481, 148, 'Anzoátegui'),
(482, 148, 'Guarico'),
(483, 148, 'Hilario Luna y Luna'),
(484, 148, 'Humocaro Alto'),
(485, 148, 'Humocaro Bajo'),
(486, 148, 'La Candelaria'),
(487, 148, 'Morán'),
(488, 149, 'Cabudare'),
(489, 149, 'José Gregorio Bastidas'),
(490, 149, 'Agua Viva'),
(491, 150, 'Sarare'),
(492, 150, 'Buría'),
(493, 150, 'Gustavo Vegas León'),
(494, 151, 'Trinidad Samuel'),
(495, 151, 'Antonio Díaz'),
(496, 151, 'Camacaro'),
(497, 151, 'Castañeda'),
(498, 151, 'Cecilio Zubillaga'),
(499, 151, 'Chiquinquirá'),
(500, 151, 'El Blanco'),
(501, 151, 'Espinoza de los Monteros'),
(502, 151, 'Lara'),
(503, 151, 'Las Mercedes'),
(504, 151, 'Manuel Morillo'),
(505, 151, 'Montaña Verde'),
(506, 151, 'Montes de Oca'),
(507, 151, 'Torres'),
(508, 151, 'Heriberto Arroyo'),
(509, 151, 'Reyes Vargas'),
(510, 151, 'Altagracia'),
(511, 152, 'Siquisique'),
(512, 152, 'Moroturo'),
(513, 152, 'San Miguel'),
(514, 152, 'Xaguas'),
(515, 179, 'Presidente Betancourt'),
(516, 179, 'Presidente Páez'),
(517, 179, 'Presidente Rómulo Gallegos'),
(518, 179, 'Gabriel Picón González'),
(519, 179, 'Héctor Amable Mora'),
(520, 179, 'José Nucete Sardi'),
(521, 179, 'Pulido Méndez'),
(522, 180, 'La Azulita'),
(523, 181, 'Santa Cruz de Mora'),
(524, 181, 'Mesa Bolívar'),
(525, 181, 'Mesa de Las Palmas'),
(526, 182, 'Aricagua'),
(527, 182, 'San Antonio'),
(528, 183, 'Canagua'),
(529, 183, 'Capurí'),
(530, 183, 'Chacantá'),
(531, 183, 'El Molino'),
(532, 183, 'Guaimaral'),
(533, 183, 'Mucutuy'),
(534, 183, 'Mucuchachí'),
(535, 184, 'Fernández Peña'),
(536, 184, 'Matriz'),
(537, 184, 'Montalbán'),
(538, 184, 'Acequias'),
(539, 184, 'Jají'),
(540, 184, 'La Mesa'),
(541, 184, 'San José del Sur'),
(542, 185, 'Tucaní'),
(543, 185, 'Florencio Ramírez'),
(544, 186, 'Santo Domingo'),
(545, 186, 'Las Piedras'),
(546, 187, 'Guaraque'),
(547, 187, 'Mesa de Quintero'),
(548, 187, 'Río Negro'),
(549, 188, 'Arapuey'),
(550, 188, 'Palmira'),
(551, 189, 'San Cristóbal de Torondoy'),
(552, 189, 'Torondoy'),
(553, 190, 'Antonio Spinetti Dini'),
(554, 190, 'Arias'),
(555, 190, 'Caracciolo Parra Pérez'),
(556, 190, 'Domingo Peña'),
(557, 190, 'El Llano'),
(558, 190, 'Gonzalo Picón Febres'),
(559, 190, 'Jacinto Plaza'),
(560, 190, 'Juan Rodríguez Suárez'),
(561, 190, 'Lasso de la Vega'),
(562, 190, 'Mariano Picón Salas'),
(563, 190, 'Milla'),
(564, 190, 'Osuna Rodríguez'),
(565, 190, 'Sagrario'),
(566, 190, 'El Morro'),
(567, 190, 'Los Nevados'),
(568, 191, 'Andrés Eloy Blanco'),
(569, 191, 'La Venta'),
(570, 191, 'Piñango'),
(571, 191, 'Timotes'),
(572, 192, 'Eloy Paredes'),
(573, 192, 'San Rafael de Alcázar'),
(574, 192, 'Santa Elena de Arenales'),
(575, 193, 'Santa María de Caparo'),
(576, 194, 'Pueblo Llano'),
(577, 195, 'Cacute'),
(578, 195, 'La Toma'),
(579, 195, 'Mucuchíes'),
(580, 195, 'Mucurubá'),
(581, 195, 'San Rafael'),
(582, 196, 'Gerónimo Maldonado'),
(583, 196, 'Bailadores'),
(584, 197, 'Tabay'),
(585, 198, 'Chiguará'),
(586, 198, 'Estánquez'),
(587, 198, 'Lagunillas'),
(588, 198, 'La Trampa'),
(589, 198, 'Pueblo Nuevo del Sur'),
(590, 198, 'San Juan'),
(591, 199, 'El Amparo'),
(592, 199, 'El Llano'),
(593, 199, 'San Francisco'),
(594, 199, 'Tovar'),
(595, 200, 'Independencia'),
(596, 200, 'María de la Concepción Palacios Blanco'),
(597, 200, 'Nueva Bolivia'),
(598, 200, 'Santa Apolonia'),
(599, 201, 'Caño El Tigre'),
(600, 201, 'Zea'),
(601, 223, 'Aragüita'),
(602, 223, 'Arévalo González'),
(603, 223, 'Capaya'),
(604, 223, 'Caucagua'),
(605, 223, 'Panaquire'),
(606, 223, 'Ribas'),
(607, 223, 'El Café'),
(608, 223, 'Marizapa'),
(609, 224, 'Cumbo'),
(610, 224, 'San José de Barlovento'),
(611, 225, 'El Cafetal'),
(612, 225, 'Las Minas'),
(613, 225, 'Nuestra Señora del Rosario'),
(614, 226, 'Higuerote'),
(615, 226, 'Curiepe'),
(616, 226, 'Tacarigua de Brión'),
(617, 227, 'Mamporal'),
(618, 228, 'Carrizal'),
(619, 229, 'Chacao'),
(620, 230, 'Charallave'),
(621, 230, 'Las Brisas'),
(622, 231, 'El Hatillo'),
(623, 232, 'Altagracia de la Montaña'),
(624, 232, 'Cecilio Acosta'),
(625, 232, 'Los Teques'),
(626, 232, 'El Jarillo'),
(627, 232, 'San Pedro'),
(628, 232, 'Tácata'),
(629, 232, 'Paracotos'),
(630, 233, 'Cartanal'),
(631, 233, 'Santa Teresa del Tuy'),
(632, 234, 'La Democracia'),
(633, 234, 'Ocumare del Tuy'),
(634, 234, 'Santa Bárbara'),
(635, 235, 'San Antonio de los Altos'),
(636, 236, 'Río Chico'),
(637, 236, 'El Guapo'),
(638, 236, 'Tacarigua de la Laguna'),
(639, 236, 'Paparo'),
(640, 236, 'San Fernando del Guapo'),
(641, 237, 'Santa Lucía del Tuy'),
(642, 238, 'Cúpira'),
(643, 238, 'Machurucuto'),
(644, 239, 'Guarenas'),
(645, 240, 'San Antonio de Yare'),
(646, 240, 'San Francisco de Yare'),
(647, 241, 'Leoncio Martínez'),
(648, 241, 'Petare'),
(649, 241, 'Caucagüita'),
(650, 241, 'Filas de Mariche'),
(651, 241, 'La Dolorita'),
(652, 242, 'Cúa'),
(653, 242, 'Nueva Cúa'),
(654, 243, 'Guatire'),
(655, 243, 'Bolívar'),
(656, 258, 'San Antonio de Maturín'),
(657, 258, 'San Francisco de Maturín'),
(658, 259, 'Aguasay'),
(659, 260, 'Caripito'),
(660, 261, 'El Guácharo'),
(661, 261, 'La Guanota'),
(662, 261, 'Sabana de Piedra'),
(663, 261, 'San Agustín'),
(664, 261, 'Teresen'),
(665, 261, 'Caripe'),
(666, 262, 'Areo'),
(667, 262, 'Capital Cedeño'),
(668, 262, 'San Félix de Cantalicio'),
(669, 262, 'Viento Fresco'),
(670, 263, 'El Tejero'),
(671, 263, 'Punta de Mata'),
(672, 264, 'Chaguaramas'),
(673, 264, 'Las Alhuacas'),
(674, 264, 'Tabasca'),
(675, 264, 'Temblador'),
(676, 265, 'Alto de los Godos'),
(677, 265, 'Boquerón'),
(678, 265, 'Las Cocuizas'),
(679, 265, 'La Cruz'),
(680, 265, 'San Simón'),
(681, 265, 'El Corozo'),
(682, 265, 'El Furrial'),
(683, 265, 'Jusepín'),
(684, 265, 'La Pica'),
(685, 265, 'San Vicente'),
(686, 266, 'Aparicio'),
(687, 266, 'Aragua de Maturín'),
(688, 266, 'Chaguamal'),
(689, 266, 'El Pinto'),
(690, 266, 'Guanaguana'),
(691, 266, 'La Toscana'),
(692, 266, 'Taguaya'),
(693, 267, 'Cachipo'),
(694, 267, 'Quiriquire'),
(695, 268, 'Santa Bárbara'),
(696, 269, 'Barrancas'),
(697, 269, 'Los Barrancos de Fajardo'),
(698, 270, 'Uracoa'),
(699, 271, 'Antolín del Campo'),
(700, 272, 'Arismendi'),
(701, 273, 'García'),
(702, 273, 'Francisco Fajardo'),
(703, 274, 'Bolívar'),
(704, 274, 'Guevara'),
(705, 274, 'Matasiete'),
(706, 274, 'Santa Ana'),
(707, 274, 'Sucre'),
(708, 275, 'Aguirre'),
(709, 275, 'Maneiro'),
(710, 276, 'Adrián'),
(711, 276, 'Juan Griego'),
(712, 276, 'Yaguaraparo'),
(713, 277, 'Porlamar'),
(714, 278, 'San Francisco de Macanao'),
(715, 278, 'Boca de Río'),
(716, 279, 'Tubores'),
(717, 279, 'Los Baleales'),
(718, 280, 'Vicente Fuentes'),
(719, 280, 'Villalba'),
(720, 281, 'San Juan Bautista'),
(721, 281, 'Zabala'),
(722, 283, 'Capital Araure'),
(723, 283, 'Río Acarigua'),
(724, 284, 'Capital Esteller'),
(725, 284, 'Uveral'),
(726, 285, 'Guanare'),
(727, 285, 'Córdoba'),
(728, 285, 'San José de la Montaña'),
(729, 285, 'San Juan de Guanaguanare'),
(730, 285, 'Virgen de la Coromoto'),
(731, 286, 'Guanarito'),
(732, 286, 'Trinidad de la Capilla'),
(733, 286, 'Divina Pastora'),
(734, 287, 'Monseñor José Vicente de Unda'),
(735, 287, 'Peña Blanca'),
(736, 288, 'Capital Ospino'),
(737, 288, 'Aparición'),
(738, 288, 'La Estación'),
(739, 289, 'Páez'),
(740, 289, 'Payara'),
(741, 289, 'Pimpinela'),
(742, 289, 'Ramón Peraza'),
(743, 290, 'Papelón'),
(744, 290, 'Caño Delgadito'),
(745, 291, 'San Genaro de Boconoito'),
(746, 291, 'Antolín Tovar'),
(747, 292, 'San Rafael de Onoto'),
(748, 292, 'Santa Fe'),
(749, 292, 'Thermo Morles'),
(750, 293, 'Santa Rosalía'),
(751, 293, 'Florida'),
(752, 294, 'Sucre'),
(753, 294, 'Concepción'),
(754, 294, 'San Rafael de Palo Alzado'),
(755, 294, 'Uvencio Antonio Velásquez'),
(756, 294, 'San José de Saguaz'),
(757, 294, 'Villa Rosa'),
(758, 295, 'Turén'),
(759, 295, 'Canelones'),
(760, 295, 'Santa Cruz'),
(761, 295, 'San Isidro Labrador'),
(762, 296, 'Mariño'),
(763, 296, 'Rómulo Gallegos'),
(764, 297, 'San José de Aerocuar'),
(765, 297, 'Tavera Acosta'),
(766, 298, 'Río Caribe'),
(767, 298, 'Antonio José de Sucre'),
(768, 298, 'El Morro de Puerto Santo'),
(769, 298, 'Puerto Santo'),
(770, 298, 'San Juan de las Galdonas'),
(771, 299, 'El Pilar'),
(772, 299, 'El Rincón'),
(773, 299, 'General Francisco Antonio Váquez'),
(774, 299, 'Guaraúnos'),
(775, 299, 'Tunapuicito'),
(776, 299, 'Unión'),
(777, 300, 'Santa Catalina'),
(778, 300, 'Santa Rosa'),
(779, 300, 'Santa Teresa'),
(780, 300, 'Bolívar'),
(781, 300, 'Maracapana'),
(782, 302, 'Libertad'),
(783, 302, 'El Paujil'),
(784, 302, 'Yaguaraparo'),
(785, 303, 'Cruz Salmerón Acosta'),
(786, 303, 'Chacopata'),
(787, 303, 'Manicuare'),
(788, 304, 'Tunapuy'),
(789, 304, 'Campo Elías'),
(790, 305, 'Irapa'),
(791, 305, 'Campo Claro'),
(792, 305, 'Maraval'),
(793, 305, 'San Antonio de Irapa'),
(794, 305, 'Soro'),
(795, 306, 'Mejía'),
(796, 307, 'Cumanacoa'),
(797, 307, 'Arenas'),
(798, 307, 'Aricagua'),
(799, 307, 'Cogollar'),
(800, 307, 'San Fernando'),
(801, 307, 'San Lorenzo'),
(802, 308, 'Villa Frontado (Muelle de Cariaco)'),
(803, 308, 'Catuaro'),
(804, 308, 'Rendón'),
(805, 308, 'San Cruz'),
(806, 308, 'Santa María'),
(807, 309, 'Altagracia'),
(808, 309, 'Santa Inés'),
(809, 309, 'Valentín Valiente'),
(810, 309, 'Ayacucho'),
(811, 309, 'San Juan'),
(812, 309, 'Raúl Leoni'),
(813, 309, 'Gran Mariscal'),
(814, 310, 'Cristóbal Colón'),
(815, 310, 'Bideau'),
(816, 310, 'Punta de Piedras'),
(817, 310, 'Güiria'),
(818, 341, 'Andrés Bello'),
(819, 342, 'Antonio Rómulo Costa'),
(820, 343, 'Ayacucho'),
(821, 343, 'Rivas Berti'),
(822, 343, 'San Pedro del Río'),
(823, 344, 'Bolívar'),
(824, 344, 'Palotal'),
(825, 344, 'General Juan Vicente Gómez'),
(826, 344, 'Isaías Medina Angarita'),
(827, 345, 'Cárdenas'),
(828, 345, 'Amenodoro Ángel Lamus'),
(829, 345, 'La Florida'),
(830, 346, 'Córdoba'),
(831, 347, 'Fernández Feo'),
(832, 347, 'Alberto Adriani'),
(833, 347, 'Santo Domingo'),
(834, 348, 'Francisco de Miranda'),
(835, 349, 'García de Hevia'),
(836, 349, 'Boca de Grita'),
(837, 349, 'José Antonio Páez'),
(838, 350, 'Guásimos'),
(839, 351, 'Independencia'),
(840, 351, 'Juan Germán Roscio'),
(841, 351, 'Román Cárdenas'),
(842, 352, 'Jáuregui'),
(843, 352, 'Emilio Constantino Guerrero'),
(844, 352, 'Monseñor Miguel Antonio Salas'),
(845, 353, 'José María Vargas'),
(846, 354, 'Junín'),
(847, 354, 'La Petrólea'),
(848, 354, 'Quinimarí'),
(849, 354, 'Bramón'),
(850, 355, 'Libertad'),
(851, 355, 'Cipriano Castro'),
(852, 355, 'Manuel Felipe Rugeles'),
(853, 356, 'Libertador'),
(854, 356, 'Doradas'),
(855, 356, 'Emeterio Ochoa'),
(856, 356, 'San Joaquín de Navay'),
(857, 357, 'Lobatera'),
(858, 357, 'Constitución'),
(859, 358, 'Michelena'),
(860, 359, 'Panamericano'),
(861, 359, 'La Palmita'),
(862, 360, 'Pedro María Ureña'),
(863, 360, 'Nueva Arcadia'),
(864, 361, 'Delicias'),
(865, 361, 'Pecaya'),
(866, 362, 'Samuel Darío Maldonado'),
(867, 362, 'Boconó'),
(868, 362, 'Hernández'),
(869, 363, 'La Concordia'),
(870, 363, 'San Juan Bautista'),
(871, 363, 'Pedro María Morantes'),
(872, 363, 'San Sebastián'),
(873, 363, 'Dr. Francisco Romero Lobo'),
(874, 364, 'Seboruco'),
(875, 365, 'Simón Rodríguez'),
(876, 366, 'Sucre'),
(877, 366, 'Eleazar López Contreras'),
(878, 366, 'San Pablo'),
(879, 367, 'Torbes'),
(880, 368, 'Uribante'),
(881, 368, 'Cárdenas'),
(882, 368, 'Juan Pablo Peñalosa'),
(883, 368, 'Potosí'),
(884, 369, 'San Judas Tadeo'),
(885, 370, 'Araguaney'),
(886, 370, 'El Jaguito'),
(887, 370, 'La Esperanza'),
(888, 370, 'Santa Isabel'),
(889, 371, 'Boconó'),
(890, 371, 'El Carmen'),
(891, 371, 'Mosquey'),
(892, 371, 'Ayacucho'),
(893, 371, 'Burbusay'),
(894, 371, 'General Ribas'),
(895, 371, 'Guaramacal'),
(896, 371, 'Vega de Guaramacal'),
(897, 371, 'Monseñor Jáuregui'),
(898, 371, 'Rafael Rangel'),
(899, 371, 'San Miguel'),
(900, 371, 'San José'),
(901, 372, 'Sabana Grande'),
(902, 372, 'Cheregüé'),
(903, 372, 'Granados'),
(904, 373, 'Arnoldo Gabaldón'),
(905, 373, 'Bolivia'),
(906, 373, 'Carrillo'),
(907, 373, 'Cegarra'),
(908, 373, 'Chejendé'),
(909, 373, 'Manuel Salvador Ulloa'),
(910, 373, 'San José'),
(911, 374, 'Carache'),
(912, 374, 'La Concepción'),
(913, 374, 'Cuicas'),
(914, 374, 'Panamericana'),
(915, 374, 'Santa Cruz'),
(916, 375, 'Escuque'),
(917, 375, 'La Unión'),
(918, 375, 'Santa Rita'),
(919, 375, 'Sabana Libre'),
(920, 376, 'El Socorro'),
(921, 376, 'Los Caprichos'),
(922, 376, 'Antonio José de Sucre'),
(923, 377, 'Campo Elías'),
(924, 377, 'Arnoldo Gabaldón'),
(925, 378, 'Santa Apolonia'),
(926, 378, 'El Progreso'),
(927, 378, 'La Ceiba'),
(928, 378, 'Tres de Febrero'),
(929, 379, 'El Dividive'),
(930, 379, 'Agua Santa'),
(931, 379, 'Agua Caliente'),
(932, 379, 'El Cenizo'),
(933, 379, 'Valerita'),
(934, 380, 'Monte Carmelo'),
(935, 380, 'Buena Vista'),
(936, 380, 'Santa María del Horcón'),
(937, 381, 'Motatán'),
(938, 381, 'El Baño'),
(939, 381, 'Jalisco'),
(940, 382, 'Pampán'),
(941, 382, 'Flor de Patria'),
(942, 382, 'La Paz'),
(943, 382, 'Santa Ana'),
(944, 383, 'Pampanito'),
(945, 383, 'La Concepción'),
(946, 383, 'Pampanito II'),
(947, 384, 'Betijoque'),
(948, 384, 'José Gregorio Hernández'),
(949, 384, 'La Pueblita'),
(950, 384, 'Los Cedros'),
(951, 385, 'Carvajal'),
(952, 385, 'Campo Alegre'),
(953, 385, 'Antonio Nicolás Briceño'),
(954, 385, 'José Leonardo Suárez'),
(955, 386, 'Sabana de Mendoza'),
(956, 386, 'Junín'),
(957, 386, 'Valmore Rodríguez'),
(958, 386, 'El Paraíso'),
(959, 387, 'Andrés Linares'),
(960, 387, 'Chiquinquirá'),
(961, 387, 'Cristóbal Mendoza'),
(962, 387, 'Cruz Carrillo'),
(963, 387, 'Matriz'),
(964, 387, 'Monseñor Carrillo'),
(965, 387, 'Tres Esquinas'),
(966, 388, 'Cabimbú'),
(967, 388, 'Jajó'),
(968, 388, 'La Mesa de Esnujaque'),
(969, 388, 'Santiago'),
(970, 388, 'Tuñame'),
(971, 388, 'La Quebrada'),
(972, 389, 'Juan Ignacio Montilla'),
(973, 389, 'La Beatriz'),
(974, 389, 'La Puerta'),
(975, 389, 'Mendoza del Valle de Momboy'),
(976, 389, 'Mercedes Díaz'),
(977, 389, 'San Luis'),
(978, 390, 'Caraballeda'),
(979, 390, 'Carayaca'),
(980, 390, 'Carlos Soublette'),
(981, 390, 'Caruao Chuspa'),
(982, 390, 'Catia La Mar'),
(983, 390, 'El Junko'),
(984, 390, 'La Guaira'),
(985, 390, 'Macuto'),
(986, 390, 'Maiquetía'),
(987, 390, 'Naiguatá'),
(988, 390, 'Urimare'),
(989, 391, 'Arístides Bastidas'),
(990, 392, 'Bolívar'),
(991, 407, 'Chivacoa'),
(992, 407, 'Campo Elías'),
(993, 408, 'Cocorote'),
(994, 409, 'Independencia'),
(995, 410, 'José Antonio Páez'),
(996, 411, 'La Trinidad'),
(997, 412, 'Manuel Monge'),
(998, 413, 'Salóm'),
(999, 413, 'Temerla'),
(1000, 413, 'Nirgua'),
(1001, 414, 'San Andrés'),
(1002, 414, 'Yaritagua'),
(1003, 415, 'San Javier'),
(1004, 415, 'Albarico'),
(1005, 415, 'San Felipe'),
(1006, 416, 'Sucre'),
(1007, 417, 'Urachiche'),
(1008, 418, 'El Guayabo'),
(1009, 418, 'Farriar'),
(1010, 441, 'Isla de Toas'),
(1011, 441, 'Monagas'),
(1012, 442, 'San Timoteo'),
(1013, 442, 'General Urdaneta'),
(1014, 442, 'Libertador'),
(1015, 442, 'Marcelino Briceño'),
(1016, 442, 'Pueblo Nuevo'),
(1017, 442, 'Manuel Guanipa Matos'),
(1018, 443, 'Ambrosio'),
(1019, 443, 'Carmen Herrera'),
(1020, 443, 'La Rosa'),
(1021, 443, 'Germán Ríos Linares'),
(1022, 443, 'San Benito'),
(1023, 443, 'Rómulo Betancourt'),
(1024, 443, 'Jorge Hernández'),
(1025, 443, 'Punta Gorda'),
(1026, 443, 'Arístides Calvani'),
(1027, 444, 'Encontrados'),
(1028, 444, 'Udón Pérez'),
(1029, 445, 'Moralito'),
(1030, 445, 'San Carlos del Zulia'),
(1031, 445, 'Santa Cruz del Zulia'),
(1032, 445, 'Santa Bárbara'),
(1033, 445, 'Urribarrí'),
(1034, 446, 'Carlos Quevedo'),
(1035, 446, 'Francisco Javier Pulgar'),
(1036, 446, 'Simón Rodríguez'),
(1037, 446, 'Guamo-Gavilanes'),
(1038, 448, 'La Concepción'),
(1039, 448, 'San José'),
(1040, 448, 'Mariano Parra León'),
(1041, 448, 'José Ramón Yépez'),
(1042, 449, 'Jesús María Semprún'),
(1043, 449, 'Barí'),
(1044, 450, 'Concepción'),
(1045, 450, 'Andrés Bello'),
(1046, 450, 'Chiquinquirá'),
(1047, 450, 'El Carmelo'),
(1048, 450, 'Potreritos'),
(1049, 451, 'Libertad'),
(1050, 451, 'Alonso de Ojeda'),
(1051, 451, 'Venezuela'),
(1052, 451, 'Eleazar López Contreras'),
(1053, 451, 'Campo Lara'),
(1054, 452, 'Bartolomé de las Casas'),
(1055, 452, 'Libertad'),
(1056, 452, 'Río Negro'),
(1057, 452, 'San José de Perijá'),
(1058, 453, 'San Rafael'),
(1059, 453, 'La Sierrita'),
(1060, 453, 'Las Parcelas'),
(1061, 453, 'Luis de Vicente'),
(1062, 453, 'Monseñor Marcos Sergio Godoy'),
(1063, 453, 'Ricaurte'),
(1064, 453, 'Tamare'),
(1065, 454, 'Antonio Borjas Romero'),
(1066, 454, 'Bolívar'),
(1067, 454, 'Cacique Mara'),
(1068, 454, 'Carracciolo Parra Pérez'),
(1069, 454, 'Cecilio Acosta'),
(1070, 454, 'Cristo de Aranza'),
(1071, 454, 'Coquivacoa'),
(1072, 454, 'Chiquinquirá'),
(1073, 454, 'Francisco Eugenio Bustamante'),
(1074, 454, 'Idelfonzo Vásquez'),
(1075, 454, 'Juana de Ávila'),
(1076, 454, 'Luis Hurtado Higuera'),
(1077, 454, 'Manuel Dagnino'),
(1078, 454, 'Olegario Villalobos'),
(1079, 454, 'Raúl Leoni'),
(1080, 454, 'Santa Lucía'),
(1081, 454, 'Venancio Pulgar'),
(1082, 454, 'San Isidro'),
(1083, 455, 'Altagracia'),
(1084, 455, 'Faría'),
(1085, 455, 'Ana María Campos'),
(1086, 455, 'San Antonio'),
(1087, 455, 'San José'),
(1088, 456, 'Donaldo García'),
(1089, 456, 'El Rosario'),
(1090, 456, 'Sixto Zambrano'),
(1091, 457, 'San Francisco'),
(1092, 457, 'El Bajo'),
(1093, 457, 'Domitila Flores'),
(1094, 457, 'Francisco Ochoa'),
(1095, 457, 'Los Cortijos'),
(1096, 457, 'Marcial Hernández'),
(1097, 458, 'Santa Rita'),
(1098, 458, 'El Mene'),
(1099, 458, 'Pedro Lucas Urribarrí'),
(1100, 458, 'José Cenobio Urribarrí'),
(1101, 459, 'Rafael Maria Baralt'),
(1102, 459, 'Manuel Manrique'),
(1103, 459, 'Rafael Urdaneta'),
(1104, 460, 'Bobures'),
(1105, 460, 'Gibraltar'),
(1106, 460, 'Heras'),
(1107, 460, 'Monseñor Arturo Álvarez'),
(1108, 460, 'Rómulo Gallegos'),
(1109, 460, 'El Batey'),
(1110, 461, 'Rafael Urdaneta'),
(1111, 461, 'La Victoria'),
(1112, 461, 'Raúl Cuenca'),
(1113, 447, 'Sinamaica'),
(1114, 447, 'Alta Guajira'),
(1115, 447, 'Elías Sánchez Rubio'),
(1116, 447, 'Guajira'),
(1117, 462, 'Altagracia'),
(1118, 462, 'Antímano'),
(1119, 462, 'Caricuao'),
(1120, 462, 'Catedral'),
(1121, 462, 'Coche'),
(1122, 462, 'El Junquito'),
(1123, 462, 'El Paraíso'),
(1124, 462, 'El Recreo'),
(1125, 462, 'El Valle'),
(1126, 462, 'La Candelaria'),
(1127, 462, 'La Pastora'),
(1128, 462, 'La Vega'),
(1129, 462, 'Macarao'),
(1130, 462, 'San Agustín'),
(1131, 462, 'San Bernardino'),
(1132, 462, 'San José'),
(1133, 462, 'San Juan'),
(1134, 462, 'San Pedro'),
(1135, 462, 'Santa Rosalía'),
(1136, 462, 'Santa Teresa'),
(1137, 462, 'Sucre (Catia)'),
(1138, 462, '23 de enero');

-- --------------------------------------------------------

--
-- Estructura de tabla para la tabla `tabla_madre`
--

CREATE TABLE `tabla_madre` (
  `id` int(11) NOT NULL,
  `cedula` varchar(20) DEFAULT NULL,
  `beneficiario` varchar(100) DEFAULT NULL,
  `telefono` varchar(20) DEFAULT NULL,
  `codigo_obra` varchar(50) DEFAULT NULL,
  `comunidad` varchar(100) DEFAULT NULL,
  `parroquia` varchar(100) DEFAULT NULL,
  `municipio` varchar(100) DEFAULT NULL,
  `direccion_exacta` text DEFAULT NULL,
  `utm_norte` varchar(20) DEFAULT NULL,
  `utm_este` varchar(20) DEFAULT NULL,
  `metodo_constructivo1` varchar(100) DEFAULT NULL,
  `modelo_constructivo1` varchar(100) DEFAULT NULL,
  `fiscalizador` varchar(100) DEFAULT NULL,
  `fecha_actualizacion` date DEFAULT NULL,
  `acondicionamiento` float DEFAULT NULL,
  `limpieza` float DEFAULT NULL,
  `replanteo` float DEFAULT NULL,
  `fundacion` float DEFAULT NULL,
  `excavacion` float DEFAULT NULL,
  `acero_vigas_riostra` float DEFAULT NULL,
  `encofrado_malla` float DEFAULT NULL,
  `instalaciones_electricas_sanitarias` float DEFAULT NULL,
  `vaciado_losa_anclajes` float DEFAULT NULL,
  `estructura` float DEFAULT NULL,
  `armado_columnas` float DEFAULT NULL,
  `vaciado_columnas` float DEFAULT NULL,
  `armado_vigas` float DEFAULT NULL,
  `vaciado_vigas` float DEFAULT NULL,
  `cerramiento` float DEFAULT NULL,
  `bloqueado` float DEFAULT NULL,
  `colocacion_correas` float DEFAULT NULL,
  `colocacion_techo` float DEFAULT NULL,
  `acabado` float DEFAULT NULL,
  `colocacion_ventanas` float DEFAULT NULL,
  `colocacion_puertas_principales` float DEFAULT NULL,
  `instalaciones_electricas_sanitarias_paredes` float DEFAULT NULL,
  `frisos` float DEFAULT NULL,
  `sobrepiso` float DEFAULT NULL,
  `ceramica_bano` float DEFAULT NULL,
  `colocacion_puertas_internas` float DEFAULT NULL,
  `equipos_accesorios_electricos` float DEFAULT NULL,
  `equipos_accesorios_sanitarios` float DEFAULT NULL,
  `colocacion_lavaplatos` float DEFAULT NULL,
  `pintura` float DEFAULT NULL,
  `avance_fisico` float DEFAULT NULL,
  `fecha_culminacion` date DEFAULT NULL,
  `acta_entregada` int(3) DEFAULT NULL,
  `observaciones_responsables` text DEFAULT NULL,
  `observaciones_fiscalizadores` text DEFAULT NULL,
  `created_at` timestamp NOT NULL DEFAULT current_timestamp()
) ENGINE=InnoDB DEFAULT CHARSET=utf8mb4 COLLATE=utf8mb4_general_ci;

-- --------------------------------------------------------

--
-- Estructura de tabla para la tabla `tipos_usuarios`
--

CREATE TABLE `tipos_usuarios` (
  `id_tipo_usuario` int(10) NOT NULL,
  `id_usuario` int(10) NOT NULL,
  `cedula` int(10) NOT NULL,
  `tipo` enum('Jefe Familia','Jefe Manzana','Jefe UBCH','Habitante') NOT NULL,
  `fecha_registro` date NOT NULL DEFAULT current_timestamp(),
  `status` enum('Activo','Inactivo') NOT NULL
) ENGINE=InnoDB DEFAULT CHARSET=utf8mb4 COLLATE=utf8mb4_general_ci;

-- --------------------------------------------------------

--
-- Estructura de tabla para la tabla `ubicaciones`
--

CREATE TABLE `ubicaciones` (
  `id_ubicacion` int(11) NOT NULL,
  `id_comunidad` int(11) DEFAULT NULL,
  `id_parroquia` int(11) DEFAULT NULL,
  `id_municipio` int(11) DEFAULT NULL,
  `direccion_exacta` varchar(255) DEFAULT NULL,
  `utm_norte` decimal(10,6) DEFAULT NULL,
  `utm_este` decimal(10,6) DEFAULT NULL,
  `id_estado` int(11) DEFAULT NULL,
  `comunidad` varchar(100) NOT NULL
) ENGINE=InnoDB DEFAULT CHARSET=utf8mb4 COLLATE=utf8mb4_general_ci;

--
-- Volcado de datos para la tabla `ubicaciones`
--

INSERT INTO `ubicaciones` (`id_ubicacion`, `id_comunidad`, `id_parroquia`, `id_municipio`, `direccion_exacta`, `utm_norte`, `utm_este`, `id_estado`, `comunidad`) VALUES
(1, NULL, 472, 147, 'Av. 20 entre calles 16 y17', 9999.999999, 9999.999999, NULL, ''),
(2, NULL, NULL, NULL, 'Av. 20 entre calles 16 y17', 9999.999999, 9999.999999, NULL, ''),
(3, NULL, 472, 147, 'Av. 20 entre calles 16 y17', 9999.999999, 9999.999999, NULL, 'BARRIO BOLIVAR'),
(4, NULL, 465, 146, 'VIA QUIBOR', 9999.999999, 9999.999999, NULL, ''),
(5, NULL, 472, NULL, 'VIA QUIBOR', 9999.999999, 9999.999999, NULL, ''),
(6, NULL, 465, NULL, 'SSSS', 9999.999999, 9999.999999, NULL, ''),
(7, NULL, 472, NULL, 'NAN', 123.000000, 123.000000, NULL, 'NAN'),
(8, NULL, 468, 146, 'NAN', 9999.999999, 9999.999999, NULL, 'NAN'),
(9, NULL, 506, 151, 'tfguy', 9999.999999, 9999.999999, NULL, 'uhuh');

-- --------------------------------------------------------

--
-- Estructura de tabla para la tabla `usuario`
--

CREATE TABLE `usuario` (
  `id_usuario` int(11) NOT NULL,
  `Nombre` varchar(50) NOT NULL,
  `Apellido` varchar(50) NOT NULL,
  `nombre_usuario` varchar(50) NOT NULL,
  `cedula` varchar(20) NOT NULL,
  `correo` varchar(100) NOT NULL,
  `telefono` varchar(20) NOT NULL,
  `password` varchar(255) NOT NULL,
  `rol` enum('usuario','admin') NOT NULL DEFAULT 'usuario',
  `fecha_registro` datetime NOT NULL DEFAULT current_timestamp(),
  `ultimo_login` datetime DEFAULT NULL,
  `activo` tinyint(1) NOT NULL DEFAULT 1,
  `token_recuperacion` varchar(255) DEFAULT NULL,
  `expiracion_token` datetime DEFAULT NULL
) ENGINE=InnoDB DEFAULT CHARSET=utf8mb4 COLLATE=utf8mb4_general_ci;

--
-- Volcado de datos para la tabla `usuario`
--

INSERT INTO `usuario` (`id_usuario`, `Nombre`, `Apellido`, `nombre_usuario`, `cedula`, `correo`, `telefono`, `password`, `rol`, `fecha_registro`, `ultimo_login`, `activo`, `token_recuperacion`, `expiracion_token`) VALUES
(5, 'prueba', 'prueba', 'prueba', '123456', 'prueba@gmail.com', '123456', '$2y$10$UXS1cTz9M1D4AX3RvIxZ8Osmf.7BAQbth0x2ZoTIYfkll58biN05a', 'admin', '2025-05-12 11:36:38', NULL, 1, NULL, NULL),
(6, 'Gabriel Alejandro', 'Torrealba Pérez', 'agabo', '30014763', 'gabrielalejandro321804@gmail.com', '04125556516', '$2y$10$J8bcRyDQiUsWR4oiUHgqie39HtGcm8F9WOW5LkjCROqHhA2pcYwnW', 'usuario', '2025-05-12 15:09:09', NULL, 1, NULL, NULL);

-- --------------------------------------------------------

--
-- Estructura Stand-in para la vista `vista_ubicaciones`
-- (Véase abajo para la vista actual)
--
CREATE TABLE `vista_ubicaciones` (
`id_ubicacion` int(11)
,`comunidad` varchar(100)
,`id_parroquia` int(11)
,`id_municipio` int(11)
,`direccion_exacta` varchar(255)
,`utm_norte` decimal(10,6)
,`utm_este` decimal(10,6)
,`id_estado` int(11)
,`nombre_estado` varchar(250)
,`municipio` varchar(100)
,`parroquia` varchar(250)
);

-- --------------------------------------------------------

--
-- Estructura Stand-in para la vista `vista_ubicaciones_completa`
-- (Véase abajo para la vista actual)
--
CREATE TABLE `vista_ubicaciones_completa` (
`id_ubicacion` int(11)
,`comunidad` varchar(100)
,`id_parroquia` int(11)
,`id_municipio` int(11)
,`direccion_exacta` varchar(255)
,`utm_norte` decimal(10,6)
,`utm_este` decimal(10,6)
,`id_estado` int(11)
,`nombre_estado` varchar(250)
,`municipio` varchar(100)
,`parroquia` varchar(250)
);

-- --------------------------------------------------------

--
-- Estructura para la vista `vista_ubicaciones`
--
DROP TABLE IF EXISTS `vista_ubicaciones`;

CREATE ALGORITHM=UNDEFINED DEFINER=`root`@`localhost` SQL SECURITY DEFINER VIEW `vista_ubicaciones`  AS SELECT `u`.`id_ubicacion` AS `id_ubicacion`, `u`.`comunidad` AS `comunidad`, `u`.`id_parroquia` AS `id_parroquia`, `u`.`id_municipio` AS `id_municipio`, `u`.`direccion_exacta` AS `direccion_exacta`, `u`.`utm_norte` AS `utm_norte`, `u`.`utm_este` AS `utm_este`, `e`.`id_estado` AS `id_estado`, `e`.`estado` AS `nombre_estado`, `m`.`municipio` AS `municipio`, `p`.`parroquia` AS `parroquia` FROM (((`ubicaciones` `u` join `municipios` `m` on(`u`.`id_municipio` = `m`.`id_municipio`)) join `estados` `e` on(`m`.`id_estado` = `e`.`id_estado`)) join `parroquias` `p` on(`u`.`id_parroquia` = `p`.`id_parroquia`)) ;

-- --------------------------------------------------------

--
-- Estructura para la vista `vista_ubicaciones_completa`
--
DROP TABLE IF EXISTS `vista_ubicaciones_completa`;

CREATE ALGORITHM=UNDEFINED DEFINER=`root`@`localhost` SQL SECURITY DEFINER VIEW `vista_ubicaciones_completa`  AS SELECT `u`.`id_ubicacion` AS `id_ubicacion`, `u`.`comunidad` AS `comunidad`, `u`.`id_parroquia` AS `id_parroquia`, `u`.`id_municipio` AS `id_municipio`, `u`.`direccion_exacta` AS `direccion_exacta`, `u`.`utm_norte` AS `utm_norte`, `u`.`utm_este` AS `utm_este`, `m`.`id_estado` AS `id_estado`, `e`.`estado` AS `nombre_estado`, `m`.`municipio` AS `municipio`, `p`.`parroquia` AS `parroquia` FROM (((`ubicaciones` `u` join `municipios` `m` on(`u`.`id_municipio` = `m`.`id_municipio`)) join `estados` `e` on(`m`.`id_estado` = `e`.`id_estado`)) join `parroquias` `p` on(`u`.`id_parroquia` = `p`.`id_parroquia`)) ;

--
-- Índices para tablas volcadas
--

--
-- Indices de la tabla `beneficiarios`
--
ALTER TABLE `beneficiarios`
  ADD PRIMARY KEY (`id_beneficiario`),
  ADD UNIQUE KEY `cedula` (`cedula`),
  ADD KEY `id_ubicacion` (`id_ubicacion`),
  ADD KEY `id_fiscalizador` (`id_fiscalizador`),
  ADD KEY `id_metodo_constructivo` (`id_metodo_constructivo`),
  ADD KEY `id_modelo_constructivo` (`id_modelo_constructivo`),
  ADD KEY `fk_beneficiario_obra` (`id_cod_obra`);

--
-- Indices de la tabla `cod_obra`
--
ALTER TABLE `cod_obra`
  ADD PRIMARY KEY (`id_cod_obra`);

--
-- Indices de la tabla `comunidades`
--
ALTER TABLE `comunidades`
  ADD PRIMARY KEY (`ID_COMUNIDAD`),
  ADD KEY `fk_comunidades_parroquias` (`ID_PARROQUIA`);

--
-- Indices de la tabla `datos_de_construccion`
--
ALTER TABLE `datos_de_construccion`
  ADD PRIMARY KEY (`id_construccion`),
  ADD UNIQUE KEY `id_beneficiario` (`id_beneficiario`);

--
-- Indices de la tabla `estados`
--
ALTER TABLE `estados`
  ADD PRIMARY KEY (`id_estado`);

--
-- Indices de la tabla `metodos_constructivos`
--
ALTER TABLE `metodos_constructivos`
  ADD PRIMARY KEY (`id_metodo`);

--
-- Indices de la tabla `modelos_constructivos`
--
ALTER TABLE `modelos_constructivos`
  ADD PRIMARY KEY (`id_modelo`);

--
-- Indices de la tabla `municipios`
--
ALTER TABLE `municipios`
  ADD PRIMARY KEY (`id_municipio`),
  ADD KEY `id_estado` (`id_estado`);

--
-- Indices de la tabla `parroquias`
--
ALTER TABLE `parroquias`
  ADD PRIMARY KEY (`id_parroquia`),
  ADD KEY `id_municipio` (`id_municipio`);

--
-- Indices de la tabla `tabla_madre`
--
ALTER TABLE `tabla_madre`
  ADD PRIMARY KEY (`id`);

--
-- Indices de la tabla `tipos_usuarios`
--
ALTER TABLE `tipos_usuarios`
  ADD PRIMARY KEY (`id_tipo_usuario`),
  ADD KEY `cedula` (`cedula`);

--
-- Indices de la tabla `ubicaciones`
--
ALTER TABLE `ubicaciones`
  ADD PRIMARY KEY (`id_ubicacion`),
  ADD KEY `fk_municipio` (`id_municipio`),
  ADD KEY `id_parroquia` (`id_parroquia`),
  ADD KEY `fk_estado` (`id_estado`),
  ADD KEY `fk_ubicacion_comunidad` (`id_comunidad`);

--
-- Indices de la tabla `usuario`
--
ALTER TABLE `usuario`
  ADD PRIMARY KEY (`id_usuario`),
  ADD UNIQUE KEY `nombre_usuario` (`nombre_usuario`),
  ADD UNIQUE KEY `cedula` (`cedula`),
  ADD UNIQUE KEY `correo` (`correo`);

--
-- AUTO_INCREMENT de las tablas volcadas
--

--
-- AUTO_INCREMENT de la tabla `beneficiarios`
--
ALTER TABLE `beneficiarios`
  MODIFY `id_beneficiario` int(11) NOT NULL AUTO_INCREMENT, AUTO_INCREMENT=10;

--
-- AUTO_INCREMENT de la tabla `cod_obra`
--
ALTER TABLE `cod_obra`
  MODIFY `id_cod_obra` int(11) NOT NULL AUTO_INCREMENT, AUTO_INCREMENT=31;

--
-- AUTO_INCREMENT de la tabla `comunidades`
--
ALTER TABLE `comunidades`
  MODIFY `ID_COMUNIDAD` int(11) NOT NULL AUTO_INCREMENT, AUTO_INCREMENT=1757;

--
-- AUTO_INCREMENT de la tabla `datos_de_construccion`
--
ALTER TABLE `datos_de_construccion`
  MODIFY `id_construccion` int(11) NOT NULL AUTO_INCREMENT, AUTO_INCREMENT=7;

--
-- AUTO_INCREMENT de la tabla `estados`
--
ALTER TABLE `estados`
  MODIFY `id_estado` int(11) NOT NULL AUTO_INCREMENT, AUTO_INCREMENT=26;

--
-- AUTO_INCREMENT de la tabla `metodos_constructivos`
--
ALTER TABLE `metodos_constructivos`
  MODIFY `id_metodo` int(11) NOT NULL AUTO_INCREMENT, AUTO_INCREMENT=5;

--
-- AUTO_INCREMENT de la tabla `modelos_constructivos`
--
ALTER TABLE `modelos_constructivos`
  MODIFY `id_modelo` int(11) NOT NULL AUTO_INCREMENT, AUTO_INCREMENT=4;

--
-- AUTO_INCREMENT de la tabla `municipios`
--
ALTER TABLE `municipios`
  MODIFY `id_municipio` int(11) NOT NULL AUTO_INCREMENT, AUTO_INCREMENT=463;

--
-- AUTO_INCREMENT de la tabla `parroquias`
--
ALTER TABLE `parroquias`
  MODIFY `id_parroquia` int(11) NOT NULL AUTO_INCREMENT, AUTO_INCREMENT=1139;

--
-- AUTO_INCREMENT de la tabla `tabla_madre`
--
ALTER TABLE `tabla_madre`
  MODIFY `id` int(11) NOT NULL AUTO_INCREMENT;

--
-- AUTO_INCREMENT de la tabla `tipos_usuarios`
--
ALTER TABLE `tipos_usuarios`
  MODIFY `id_tipo_usuario` int(10) NOT NULL AUTO_INCREMENT;

--
-- AUTO_INCREMENT de la tabla `ubicaciones`
--
ALTER TABLE `ubicaciones`
  MODIFY `id_ubicacion` int(11) NOT NULL AUTO_INCREMENT, AUTO_INCREMENT=10;

--
-- AUTO_INCREMENT de la tabla `usuario`
--
ALTER TABLE `usuario`
  MODIFY `id_usuario` int(11) NOT NULL AUTO_INCREMENT, AUTO_INCREMENT=7;

--
-- Restricciones para tablas volcadas
--

--
-- Filtros para la tabla `beneficiarios`
--
ALTER TABLE `beneficiarios`
  ADD CONSTRAINT `beneficiarios_ibfk_1` FOREIGN KEY (`id_ubicacion`) REFERENCES `ubicaciones` (`id_ubicacion`) ON DELETE SET NULL ON UPDATE CASCADE,
  ADD CONSTRAINT `beneficiarios_ibfk_2` FOREIGN KEY (`id_fiscalizador`) REFERENCES `fiscalizadores` (`id_fiscalizador`) ON DELETE SET NULL ON UPDATE CASCADE,
  ADD CONSTRAINT `beneficiarios_ibfk_3` FOREIGN KEY (`id_metodo_constructivo`) REFERENCES `metodos_constructivos` (`id_metodo`) ON DELETE SET NULL ON UPDATE CASCADE,
  ADD CONSTRAINT `beneficiarios_ibfk_4` FOREIGN KEY (`id_modelo_constructivo`) REFERENCES `modelos_constructivos` (`id_modelo`) ON DELETE SET NULL ON UPDATE CASCADE,
  ADD CONSTRAINT `fk_beneficiario_metodo` FOREIGN KEY (`id_metodo_constructivo`) REFERENCES `metodos_constructivos` (`id_metodo`),
  ADD CONSTRAINT `fk_beneficiario_modelo` FOREIGN KEY (`id_modelo_constructivo`) REFERENCES `modelos_constructivos` (`id_modelo`),
  ADD CONSTRAINT `fk_beneficiario_obra` FOREIGN KEY (`id_cod_obra`) REFERENCES `cod_obra` (`id_cod_obra`),
  ADD CONSTRAINT `fk_beneficiarios_metodo` FOREIGN KEY (`id_metodo_constructivo`) REFERENCES `metodos_constructivos` (`id_metodo`),
  ADD CONSTRAINT `fk_beneficiarios_modelo` FOREIGN KEY (`id_modelo_constructivo`) REFERENCES `modelos_constructivos` (`id_modelo`);

--
-- Filtros para la tabla `comunidades`
--
ALTER TABLE `comunidades`
  ADD CONSTRAINT `fk_comunidades_parroquias` FOREIGN KEY (`ID_PARROQUIA`) REFERENCES `parroquias` (`id_parroquia`) ON DELETE SET NULL ON UPDATE CASCADE;

--
-- Filtros para la tabla `datos_de_construccion`
--
ALTER TABLE `datos_de_construccion`
  ADD CONSTRAINT `datos_de_construccion_ibfk_1` FOREIGN KEY (`id_beneficiario`) REFERENCES `beneficiarios` (`id_beneficiario`) ON DELETE CASCADE ON UPDATE CASCADE;

--
-- Filtros para la tabla `municipios`
--
ALTER TABLE `municipios`
  ADD CONSTRAINT `municipios_ibfk_1` FOREIGN KEY (`id_estado`) REFERENCES `estados` (`id_estado`) ON DELETE CASCADE ON UPDATE CASCADE;

--
-- Filtros para la tabla `parroquias`
--
ALTER TABLE `parroquias`
  ADD CONSTRAINT `parroquias_ibfk_1` FOREIGN KEY (`id_municipio`) REFERENCES `municipios` (`id_municipio`) ON DELETE CASCADE ON UPDATE CASCADE;

--
-- Filtros para la tabla `ubicaciones`
--
ALTER TABLE `ubicaciones`
  ADD CONSTRAINT `fk_estado` FOREIGN KEY (`id_estado`) REFERENCES `estados` (`id_estado`) ON DELETE SET NULL ON UPDATE CASCADE,
  ADD CONSTRAINT `fk_municipio` FOREIGN KEY (`id_municipio`) REFERENCES `municipios` (`id_municipio`) ON DELETE SET NULL ON UPDATE CASCADE,
  ADD CONSTRAINT `fk_ubicacion_comunidad` FOREIGN KEY (`id_comunidad`) REFERENCES `comunidades` (`ID_COMUNIDAD`),
  ADD CONSTRAINT `fk_ubicaciones_comunidades` FOREIGN KEY (`id_comunidad`) REFERENCES `comunidades` (`ID_COMUNIDAD`) ON DELETE SET NULL ON UPDATE CASCADE,
  ADD CONSTRAINT `ubicaciones_ibfk_1` FOREIGN KEY (`id_parroquia`) REFERENCES `parroquias` (`id_parroquia`) ON DELETE SET NULL ON UPDATE CASCADE;
COMMIT;

/*!40101 SET CHARACTER_SET_CLIENT=@OLD_CHARACTER_SET_CLIENT */;
/*!40101 SET CHARACTER_SET_RESULTS=@OLD_CHARACTER_SET_RESULTS */;
/*!40101 SET COLLATION_CONNECTION=@OLD_COLLATION_CONNECTION */;
